"Account_Number","Account_Name","Equity_Current","Equity_Previous","Equity_DOD_Change","Equity_%_Change","House_Requirement_Current","House_Requirement_Previous","House_Requirement_DOD_Change","House_Requirement_%_Change","House_Excess_Current","House_Excess_Previous","House_Excess_DOD_Change","House_Excess_%_Change","Reg_Excess/Deficit_Current","Reg_Excess/Deficit_Previous","Reg_Excess/Deficit_DOD_Change","Reg_Excess/Deficit_%_Change","Potential Cash Available Current","Potential Cash Available Previous","Potential Cash Available DOD","Potential Cash Available % Change","Product_Type_Desc","Long_Exposure","Long_Exposure_DOD_Change","Short_Exposure","Short_Exposure_DOD_Change","Net Equity","Net Equity DOD Change","Requirement","Requirement_DOD_Change","Portfolio_Requirement_Adjustment","Portfolio_Requirement_Adjustment_DOD_Change","FX_Requirement","FX_Requirement_DOD_Change","FX_Forward P&L","FX_Forward P&L_DOD_Change","FX_Forward_Unrl_P&L","Cash","Cash_DOD_Change","Money_Market_Balance","Money_Market_Balance_DOD_Change","Accrued_Interest_Req","Accrued_Interest_Req_DOD","Accrued_Interest_Requirement","Accrued_Interest_Requirement_DOD","Margin_Balance_Current","Margin_Balance_Previous","Margin_Balance_DOD_Change","Margin_Balance_%_Change","Equity_%_Current","Equity_%_Previous","Equity_%_DOD_Change","Equity_%_Change","Leverage_Current","Leverage_Previous","Leverage_DOD_Change","Leverage_%_Change","Average_Req_Current","Average_Req_Previous","Average_Req_DOD_Change","Average_Req_%_Change","Gross Exposure","Exp_DOD_Change","Req_%","Equity Adjustment","Free Credit","As Of Date","Net Equity Category"
"H38C46310","INTEGRATED ASSETS, LTD        C/O MILLENNIUM INTERNATIONAL",182488801.64,183847609.75,-1358808.11,-0.74,154973648.54,154465887.30,507761.24,0.33,0.00,0.00,0.00,0.00,29061249.56,22819869.46,6241380.10,27.35,0.00,0.00,0.00,0.00,"Convertible Preferred",527140.35,-7339.45,-3795.00,3.00,523345.35,-7336.45,530935.35,-7342.45,31891801.23,5834189.47,4065349.22,-361889.25,0.00,0.00,0.00,10150759.14,-3159874.99,0.00,0.00,0.00,0.00,0.00,0.00,-618748029.47,-656846790.88,38098761.41,-5.80,13.94,13.46,0.48,3.57,7.18,7.43,-0.26,-3.44,11.83,11.31,0.53,4.68,530935.35,-7342.45,100.00,0.00,0.00,2018-07-27,Net MV
"H38C46310","INTEGRATED ASSETS, LTD        C/O MILLENNIUM INTERNATIONAL",182488801.64,183847609.75,-1358808.11,-0.74,154973648.54,154465887.30,507761.24,0.33,0.00,0.00,0.00,0.00,29061249.56,22819869.46,6241380.10,27.35,0.00,0.00,0.00,0.00,"Equity",621321679.76,-39479724.57,-628894993.61,41258633.40,-7573313.85,1778908.83,116741682.64,-4957491.48,31891801.23,5834189.47,4065349.22,-361889.25,0.00,0.00,0.00,10150759.14,-3159874.99,0.00,0.00,0.00,0.00,0.00,0.00,-618748029.47,-656846790.88,38098761.41,-5.80,13.94,13.46,0.48,3.57,7.18,7.43,-0.26,-3.44,11.83,11.31,0.53,4.68,1250216673.37,-80738357.96,9.34,0.00,0.00,2018-07-27,Net MV
"H38C46310","INTEGRATED ASSETS, LTD        C/O MILLENNIUM INTERNATIONAL",182488801.64,183847609.75,-1358808.11,-0.74,154973648.54,154465887.30,507761.24,0.33,0.00,0.00,0.00,0.00,29061249.56,22819869.46,6241380.10,27.35,0.00,0.00,0.00,0.00,"Cash/Money",5000000.00,0.00,0.00,0.00,5000000.00,0.00,0.00,0.00,31891801.23,5834189.47,4065349.22,-361889.25,0.00,0.00,0.00,10150759.14,-3159874.99,0.00,0.00,0.00,0.00,0.00,0.00,-618748029.47,-656846790.88,38098761.41,-5.80,13.94,13.46,0.48,3.57,7.18,7.43,-0.26,-3.44,11.83,11.31,0.53,4.68,5000000.00,0.00,0.00,0.00,0.00,2018-07-27,Net MV
"H38C46310","INTEGRATED ASSETS, LTD        C/O MILLENNIUM INTERNATIONAL",182488801.64,183847609.75,-1358808.11,-0.74,154973648.54,154465887.30,507761.24,0.33,0.00,0.00,0.00,0.00,29061249.56,22819869.46,6241380.10,27.35,0.00,0.00,0.00,0.00,"Right",0.00,0.00,0.00,0.00,0.00,0.00,0.00,0.00,31891801.23,5834189.47,4065349.22,-361889.25,0.00,0.00,0.00,10150759.14,-3159874.99,0.00,0.00,0.00,0.00,0.00,0.00,-618748029.47,-656846790.88,38098761.41,-5.80,13.94,13.46,0.48,3.57,7.18,7.43,-0.26,-3.44,11.83,11.31,0.53,4.68,0.00,0.00,0.00,0.00,0.00,2018-07-27,Net MV
"H38C46310","INTEGRATED ASSETS, LTD        C/O MILLENNIUM INTERNATIONAL",182488801.64,183847609.75,-1358808.11,-0.74,154973648.54,154465887.30,507761.24,0.33,0.00,0.00,0.00,0.00,29061249.56,22819869.46,6241380.10,27.35,0.00,0.00,0.00,0.00,"US Treasury & Agency",174388011.00,29494.50,0.00,0.00,174388011.00,29494.50,1743880.11,294.95,31891801.23,5834189.47,4065349.22,-361889.25,0.00,0.00,0.00,10150759.14,-3159874.99,0.00,0.00,0.00,0.00,0.00,0.00,-618748029.47,-656846790.88,38098761.41,-5.80,13.94,13.46,0.48,3.57,7.18,7.43,-0.26,-3.44,11.83,11.31,0.53,4.68,174388011.00,29494.50,1.00,0.00,0.00,2018-07-27,Net MV
