"Account_Number","Account_Name","Equity_Current","Equity_Previous","Equity_DOD_Change","Equity_%_Change","House_Requirement_Current","House_Requirement_Previous","House_Requirement_DOD_Change","House_Requirement_%_Change","House_Excess_Current","House_Excess_Previous","House_Excess_DOD_Change","House_Excess_%_Change","Reg_Excess/Deficit_Current","Reg_Excess/Deficit_Previous","Reg_Excess/Deficit_DOD_Change","Reg_Excess/Deficit_%_Change","Potential Cash Available Current","Potential Cash Available Previous","Potential Cash Available DOD","Potential Cash Available % Change","Product_Type_Desc","Long_Exposure","Long_Exposure_DOD_Change","Short_Exposure","Short_Exposure_DOD_Change","Net Equity","Net Equity DOD Change","Requirement","Requirement_DOD_Change","Portfolio_Requirement_Adjustment","Portfolio_Requirement_Adjustment_DOD_Change","FX_Requirement","FX_Requirement_DOD_Change","FX_Forward P&L","FX_Forward P&L_DOD_Change","FX_Forward_Unrl_P&L","Cash","Cash_DOD_Change","Money_Market_Balance","Money_Market_Balance_DOD_Change","Accrued_Interest_Req","Accrued_Interest_Req_DOD","Accrued_Interest_Requirement","Accrued_Interest_Requirement_DOD","Margin_Balance_Current","Margin_Balance_Previous","Margin_Balance_DOD_Change","Margin_Balance_%_Change","Equity_%_Current","Equity_%_Previous","Equity_%_DOD_Change","Equity_%_Change","Leverage_Current","Leverage_Previous","Leverage_DOD_Change","Leverage_%_Change","Average_Req_Current","Average_Req_Previous","Average_Req_DOD_Change","Average_Req_%_Change","Gross Exposure","Exp_DOD_Change","Req_%","Equity Adjustment","Free Credit","As Of Date","Net Equity Category"
"038C001Y5","INTEGRATED CORE STRATEGIES    (US) LLC",1271299124.23,1290376814.71,-19077690.48,-1.48,6502319894.52,6512179259.31,-9859364.79,-0.15,-5231020770.29,-5221802444.60,-9218325.69,0.18,-573453032.77,-554595958.41,-18857074.37,3.40,-5231020770.29,-5221802444.60,-9218325.69,0.18,"Convertible Preferred",5017302.39,-13634.45,0.00,0.00,5017302.39,-13634.45,5017302.39,-13634.45,0.00,0.00,0.00,0.00,0.00,0.00,0.00,-7430431.18,15927545.83,0.00,0.00,0.00,0.00,0.00,0.00,-2762324876.23,-2764243500.47,1918624.23,-0.07,19.46,19.79,-0.33,-1.66,5.14,5.05,0.09,1.69,99.52,99.86,-0.34,-0.34,5017302.39,-13634.45,100.00,0.00,0.00,2018-07-27,Net MV
"038C001Y5","INTEGRATED CORE STRATEGIES    (US) LLC",1271299124.23,1290376814.71,-19077690.48,-1.48,6502319894.52,6512179259.31,-9859364.79,-0.15,-5231020770.29,-5221802444.60,-9218325.69,0.18,-573453032.77,-554595958.41,-18857074.37,3.40,-5231020770.29,-5221802444.60,-9218325.69,0.18,"Equity",4026219341.08,-20975765.87,-2754894445.05,-14008921.60,1271324896.02,-34984687.47,6494895999.98,-9839277.74,0.00,0.00,0.00,0.00,0.00,0.00,0.00,-7430431.18,15927545.83,0.00,0.00,0.00,0.00,0.00,0.00,-2762324876.23,-2764243500.47,1918624.23,-0.07,19.46,19.79,-0.33,-1.66,5.14,5.05,0.09,1.69,99.52,99.86,-0.34,-0.34,6781113786.13,-6966844.27,95.78,0.00,0.00,2018-07-27,Net MV
"038C001Y5","INTEGRATED CORE STRATEGIES    (US) LLC",1271299124.23,1290376814.71,-19077690.48,-1.48,6502319894.52,6512179259.31,-9859364.79,-0.15,-5231020770.29,-5221802444.60,-9218325.69,0.18,-573453032.77,-554595958.41,-18857074.37,3.40,-5231020770.29,-5221802444.60,-9218325.69,0.18,"Fund/Unit",2205970.00,-27690.00,0.00,0.00,2205970.00,-27690.00,2205970.00,-27690.00,0.00,0.00,0.00,0.00,0.00,0.00,0.00,-7430431.18,15927545.83,0.00,0.00,0.00,0.00,0.00,0.00,-2762324876.23,-2764243500.47,1918624.23,-0.07,19.46,19.79,-0.33,-1.66,5.14,5.05,0.09,1.69,99.52,99.86,-0.34,-0.34,2205970.00,-27690.00,100.00,0.00,0.00,2018-07-27,Net MV
"038C001Y5","INTEGRATED CORE STRATEGIES    (US) LLC",1271299124.23,1290376814.71,-19077690.48,-1.48,6502319894.52,6512179259.31,-9859364.79,-0.15,-5231020770.29,-5221802444.60,-9218325.69,0.18,-573453032.77,-554595958.41,-18857074.37,3.40,-5231020770.29,-5221802444.60,-9218325.69,0.18,"Right",122619.00,17472.00,0.00,0.00,122619.00,17472.00,122619.00,17472.00,0.00,0.00,0.00,0.00,0.00,0.00,0.00,-7430431.18,15927545.83,0.00,0.00,0.00,0.00,0.00,0.00,-2762324876.23,-2764243500.47,1918624.23,-0.07,19.46,19.79,-0.33,-1.66,5.14,5.05,0.09,1.69,99.52,99.86,-0.34,-0.34,122619.00,17472.00,100.00,0.00,0.00,2018-07-27,Net MV
"038C001Y5","INTEGRATED CORE STRATEGIES    (US) LLC",1271299124.23,1290376814.71,-19077690.48,-1.48,6502319894.52,6512179259.31,-9859364.79,-0.15,-5231020770.29,-5221802444.60,-9218325.69,0.18,-573453032.77,-554595958.41,-18857074.37,3.40,-5231020770.29,-5221802444.60,-9218325.69,0.18,"Warrant/Right",58768.00,3303.60,0.00,0.00,58768.00,3303.60,78003.16,3765.39,0.00,0.00,0.00,0.00,0.00,0.00,0.00,-7430431.18,15927545.83,0.00,0.00,0.00,0.00,0.00,0.00,-2762324876.23,-2764243500.47,1918624.23,-0.07,19.46,19.79,-0.33,-1.66,5.14,5.05,0.09,1.69,99.52,99.86,-0.34,-0.34,58768.00,3303.60,132.73,0.00,0.00,2018-07-27,Net MV
