"Account_Number","Account_Name","Equity_Current","Equity_Previous","Equity_DOD_Change","Equity_%_Change","House_Requirement_Current","House_Requirement_Previous","House_Requirement_DOD_Change","House_Requirement_%_Change","House_Excess_Current","House_Excess_Previous","House_Excess_DOD_Change","House_Excess_%_Change","Reg_Excess/Deficit_Current","Reg_Excess/Deficit_Previous","Reg_Excess/Deficit_DOD_Change","Reg_Excess/Deficit_%_Change","Potential Cash Available Current","Potential Cash Available Previous","Potential Cash Available DOD","Potential Cash Available % Change","Product_Type_Desc","Long_Exposure","Long_Exposure_DOD_Change","Short_Exposure","Short_Exposure_DOD_Change","Net Equity","Net Equity DOD Change","Requirement","Requirement_DOD_Change","Portfolio_Requirement_Adjustment","Portfolio_Requirement_Adjustment_DOD_Change","FX_Requirement","FX_Requirement_DOD_Change","FX_Forward P&L","FX_Forward P&L_DOD_Change","FX_Forward_Unrl_P&L","Cash","Cash_DOD_Change","Money_Market_Balance","Money_Market_Balance_DOD_Change","Accrued_Interest_Req","Accrued_Interest_Req_DOD","Accrued_Interest_Requirement","Accrued_Interest_Requirement_DOD","Margin_Balance_Current","Margin_Balance_Previous","Margin_Balance_DOD_Change","Margin_Balance_%_Change","Equity_%_Current","Equity_%_Previous","Equity_%_DOD_Change","Equity_%_Change","Leverage_Current","Leverage_Previous","Leverage_DOD_Change","Leverage_%_Change","Average_Req_Current","Average_Req_Previous","Average_Req_DOD_Change","Average_Req_%_Change","Gross Exposure","Exp_DOD_Change","Req_%","Equity Adjustment","Free Credit","As Of Date","Net Equity Category"
"INTECORE6","INTEGRATED CORE STRATEGIES (ASIA) PTE. LTD.",501810794.76,512163250.53,-10352455.77,-2.02,510062486.93,501271879.70,8790607.24,1.75,-8251692.17,10891370.83,-19143063.00,-175.76,0.00,0.00,0.00,0.00,-8251692.17,10891370.83,-19143063.00,-175.76,"Equity",907398996.53,-2718205.13,-483240125.93,-3223936.79,424158870.60,-5942141.92,329180655.06,324609.13,0.00,0.00,105905.14,-5757.53,0.00,0.00,0.00,83426190.72,-7051237.39,0.00,0.00,0.00,0.00,0.00,0.00,-399813935.21,-389538761.03,-10275174.18,2.64,20.18,20.95,-0.77,-3.68,4.96,4.77,0.18,3.83,20.51,20.50,0.01,0.03,1390639122.46,505731.65,23.67,-4225101.29,0.00,2018-07-27,Net MV
"INTECORE6","INTEGRATED CORE STRATEGIES (ASIA) PTE. LTD.",501810794.76,512163250.53,-10352455.77,-2.02,510062486.93,501271879.70,8790607.24,1.75,-8251692.17,10891370.83,-19143063.00,-175.76,0.00,0.00,0.00,0.00,-8251692.17,10891370.83,-19143063.00,-175.76,"Equity / Index Future",55015969.46,27567457.82,-6693.74,41.23,89789.36,47274.30,7619394.69,3883864.26,0.00,0.00,105905.14,-5757.53,0.00,0.00,0.00,83426190.72,-7051237.39,0.00,0.00,0.00,0.00,0.00,0.00,-399813935.21,-389538761.03,-10275174.18,2.64,20.18,20.95,-0.77,-3.68,4.96,4.77,0.18,3.83,20.51,20.50,0.01,0.03,55022663.20,27567416.58,13.85,-4225101.29,0.00,2018-07-27,OTE
"INTECORE6","INTEGRATED CORE STRATEGIES (ASIA) PTE. LTD.",501810794.76,512163250.53,-10352455.77,-2.02,510062486.93,501271879.70,8790607.24,1.75,-8251692.17,10891370.83,-19143063.00,-175.76,0.00,0.00,0.00,0.00,-8251692.17,10891370.83,-19143063.00,-175.76,"Swap Right",7522.49,1474.72,0.00,0.00,0.00,-6047.78,7522.49,1474.72,0.00,0.00,105905.14,-5757.53,0.00,0.00,0.00,83426190.72,-7051237.39,0.00,0.00,0.00,0.00,0.00,0.00,-399813935.21,-389538761.03,-10275174.18,2.64,20.18,20.95,-0.77,-3.68,4.96,4.77,0.18,3.83,20.51,20.50,0.01,0.03,7522.49,1474.72,100.00,-4225101.29,0.00,2018-07-27,P&L
"INTECORE6","INTEGRATED CORE STRATEGIES (ASIA) PTE. LTD.",501810794.76,512163250.53,-10352455.77,-2.02,510062486.93,501271879.70,8790607.24,1.75,-8251692.17,10891370.83,-19143063.00,-175.76,0.00,0.00,0.00,0.00,-8251692.17,10891370.83,-19143063.00,-175.76,Equity Swap,677172493.74,13297144.54,-364408423.32,-846403.70,-1638954.63,2657938.92,173149009.55,4586416.66,0.00,0.00,105905.14,-5757.53,0.00,0.00,0.00,83426190.72,-7051237.39,0.00,0.00,0.00,0.00,0.00,0.00,-399813935.21,-389538761.03,-10275174.18,2.64,20.18,20.95,-0.77,-3.68,4.96,4.77,0.18,3.83,20.51,20.50,0.01,0.03,1041580917.06,14143548.24,16.62,-4225101.29,0.00,2018-07-27,P&L
