"Account_Number","Account_Name","Equity_Current","Equity_Previous","Equity_DOD_Change","Equity_%_Change","House_Requirement_Current","House_Requirement_Previous","House_Requirement_DOD_Change","House_Requirement_%_Change","House_Excess_Current","House_Excess_Previous","House_Excess_DOD_Change","House_Excess_%_Change","Reg_Excess/Deficit_Current","Reg_Excess/Deficit_Previous","Reg_Excess/Deficit_DOD_Change","Reg_Excess/Deficit_%_Change","Potential Cash Available Current","Potential Cash Available Previous","Potential Cash Available DOD","Potential Cash Available % Change","Product_Type_Desc","Long_Exposure","Long_Exposure_DOD_Change","Short_Exposure","Short_Exposure_DOD_Change","Net Equity","Net Equity DOD Change","Requirement","Requirement_DOD_Change","Portfolio_Requirement_Adjustment","Portfolio_Requirement_Adjustment_DOD_Change","FX_Requirement","FX_Requirement_DOD_Change","FX_Forward P&L","FX_Forward P&L_DOD_Change","FX_Forward_Unrl_P&L","Cash","Cash_DOD_Change","Money_Market_Balance","Money_Market_Balance_DOD_Change","Accrued_Interest_Req","Accrued_Interest_Req_DOD","Accrued_Interest_Requirement","Accrued_Interest_Requirement_DOD","Margin_Balance_Current","Margin_Balance_Previous","Margin_Balance_DOD_Change","Margin_Balance_%_Change","Equity_%_Current","Equity_%_Previous","Equity_%_DOD_Change","Equity_%_Change","Leverage_Current","Leverage_Previous","Leverage_DOD_Change","Leverage_%_Change","Average_Req_Current","Average_Req_Previous","Average_Req_DOD_Change","Average_Req_%_Change","Gross Exposure","Exp_DOD_Change","Req_%","Equity Adjustment","Free Credit","As Of Date","Net Equity Category"
"H38CDC0N2","INTEGRATED ASSETS II LLC C/O MILLENNIUM INTERNATIONAL",841163617.47,844357059.46,-3193441.99,-0.38,883156241.94,879659825.65,3496416.29,0.40,-41992624.47,-35302766.18,-6689858.29,18.95,263961938.73,262712777.91,1249160.82,0.48,-41992624.47,-35302766.18,-6689858.29,18.95,"Equity",3982530105.44,-97068161.18,-4139114695.00,498486.99,-156584589.56,-96569674.18,779328189.13,4833098.10,76186390.70,-441261.74,19888888.00,-896629.66,0.00,0.00,0.00,219590958.34,93255272.69,0.00,0.00,0.00,0.00,0.00,0.00,-3919565308.47,-4013319068.15,93753759.68,-2.34,9.53,9.45,0.08,0.81,10.50,10.58,-0.08,-0.80,10.00,9.85,0.16,1.59,8121644800.44,-97566648.17,9.60,0.00,0.00,2018-07-27,Net MV
"H38CDC0N2","INTEGRATED ASSETS II LLC C/O MILLENNIUM INTERNATIONAL",841163617.47,844357059.46,-3193441.99,-0.38,883156241.94,879659825.65,3496416.29,0.40,-41992624.47,-35302766.18,-6689858.29,18.95,263961938.73,262712777.91,1249160.82,0.48,-41992624.47,-35302766.18,-6689858.29,18.95,"Cash/Money",5000000.00,0.00,0.00,0.00,5000000.00,0.00,0.00,0.00,76186390.70,-441261.74,19888888.00,-896629.66,0.00,0.00,0.00,219590958.34,93255272.69,0.00,0.00,0.00,0.00,0.00,0.00,-3919565308.47,-4013319068.15,93753759.68,-2.34,9.53,9.45,0.08,0.81,10.50,10.58,-0.08,-0.80,10.00,9.85,0.16,1.59,5000000.00,0.00,0.00,0.00,0.00,2018-07-27,Net MV
"H38CDC0N2","INTEGRATED ASSETS II LLC C/O MILLENNIUM INTERNATIONAL",841163617.47,844357059.46,-3193441.99,-0.38,883156241.94,879659825.65,3496416.29,0.40,-41992624.47,-35302766.18,-6689858.29,18.95,263961938.73,262712777.91,1249160.82,0.48,-41992624.47,-35302766.18,-6689858.29,18.95,"Right",0.00,0.00,-41571.81,0.00,-41571.81,0.00,20785.91,0.00,76186390.70,-441261.74,19888888.00,-896629.66,0.00,0.00,0.00,219590958.34,93255272.69,0.00,0.00,0.00,0.00,0.00,0.00,-3919565308.47,-4013319068.15,93753759.68,-2.34,9.53,9.45,0.08,0.81,10.50,10.58,-0.08,-0.80,10.00,9.85,0.16,1.59,41571.81,0.00,50.00,0.00,0.00,2018-07-27,Net MV
"H38CDC0N2","INTEGRATED ASSETS II LLC C/O MILLENNIUM INTERNATIONAL",841163617.47,844357059.46,-3193441.99,-0.38,883156241.94,879659825.65,3496416.29,0.40,-41992624.47,-35302766.18,-6689858.29,18.95,263961938.73,262712777.91,1249160.82,0.48,-41992624.47,-35302766.18,-6689858.29,18.95,"US Treasury & Agency",773198820.50,120959.50,0.00,0.00,773198820.50,120959.50,7731988.21,1209.59,76186390.70,-441261.74,19888888.00,-896629.66,0.00,0.00,0.00,219590958.34,93255272.69,0.00,0.00,0.00,0.00,0.00,0.00,-3919565308.47,-4013319068.15,93753759.68,-2.34,9.53,9.45,0.08,0.81,10.50,10.58,-0.08,-0.80,10.00,9.85,0.16,1.59,773198820.50,120959.50,1.00,0.00,0.00,2018-07-27,Net MV
