"Account_Number","Account_Name","Equity_Current","Equity_Previous","Equity_DOD_Change","Equity_%_Change","House_Requirement_Current","House_Requirement_Previous","House_Requirement_DOD_Change","House_Requirement_%_Change","House_Excess_Current","House_Excess_Previous","House_Excess_DOD_Change","House_Excess_%_Change","Reg_Excess/Deficit_Current","Reg_Excess/Deficit_Previous","Reg_Excess/Deficit_DOD_Change","Reg_Excess/Deficit_%_Change","Potential Cash Available Current","Potential Cash Available Previous","Potential Cash Available DOD","Potential Cash Available % Change","Product_Type_Desc","Long_Exposure","Long_Exposure_DOD_Change","Short_Exposure","Short_Exposure_DOD_Change","Net Equity","Net Equity DOD Change","Requirement","Requirement_DOD_Change","Portfolio_Requirement_Adjustment","Portfolio_Requirement_Adjustment_DOD_Change","FX_Requirement","FX_Requirement_DOD_Change","FX_Forward P&L","FX_Forward P&L_DOD_Change","FX_Forward_Unrl_P&L","Cash","Cash_DOD_Change","Money_Market_Balance","Money_Market_Balance_DOD_Change","Accrued_Interest_Req","Accrued_Interest_Req_DOD","Accrued_Interest_Requirement","Accrued_Interest_Requirement_DOD","Margin_Balance_Current","Margin_Balance_Previous","Margin_Balance_DOD_Change","Margin_Balance_%_Change","Equity_%_Current","Equity_%_Previous","Equity_%_DOD_Change","Equity_%_Change","Leverage_Current","Leverage_Previous","Leverage_DOD_Change","Leverage_%_Change","Average_Req_Current","Average_Req_Previous","Average_Req_DOD_Change","Average_Req_%_Change","Gross Exposure","Exp_DOD_Change","Req_%","Equity Adjustment","Free Credit","As Of Date","Net Equity Category"
"MILLCORE4","INTEGRATED CORE STRATEGIES (EUROPE) SARL",342056648.04,338872252.89,3184395.15,0.94,318389897.78,341101082.59,-22711184.82,-6.66,23666750.26,-2228829.71,25895579.97,-1161.85,0.00,0.00,0.00,0.00,23666750.26,-2228829.71,25895579.97,-1161.85,"Equity",0.00,0.00,0.00,0.00,0.00,0.00,0.00,0.00,0.00,0.00,5695624.44,-32981.28,0.00,0.00,0.00,344767350.82,1219955.34,0.00,0.00,0.00,0.00,0.00,0.00,344767350.82,343547395.48,1219955.34,0.36,18.94,17.15,1.79,10.46,5.28,5.83,-0.55,-9.47,17.63,17.26,0.37,2.14,0.00,0.00,0.00,-8659.51,0.00,2018-07-27,Net MV
"MILLCORE4","INTEGRATED CORE STRATEGIES (EUROPE) SARL",342056648.04,338872252.89,3184395.15,0.94,318389897.78,341101082.59,-22711184.82,-6.66,23666750.26,-2228829.71,25895579.97,-1161.85,0.00,0.00,0.00,0.00,23666750.26,-2228829.71,25895579.97,-1161.85,"Non-US Sovereign Bond",102733.81,-142.10,0.00,0.00,102733.81,-142.10,20546.76,-28.42,0.00,0.00,5695624.44,-32981.28,0.00,0.00,0.00,344767350.82,1219955.34,0.00,0.00,0.00,0.00,0.00,0.00,344767350.82,343547395.48,1219955.34,0.36,18.94,17.15,1.79,10.46,5.28,5.83,-0.55,-9.47,17.63,17.26,0.37,2.14,102733.81,-142.10,20.00,-8659.51,0.00,2018-07-27,Net MV
"MILLCORE4","INTEGRATED CORE STRATEGIES (EUROPE) SARL",342056648.04,338872252.89,3184395.15,0.94,318389897.78,341101082.59,-22711184.82,-6.66,23666750.26,-2228829.71,25895579.97,-1161.85,0.00,0.00,0.00,0.00,23666750.26,-2228829.71,25895579.97,-1161.85,"Swap Fund",2797971.40,-12669.11,-553109.15,-32805.13,0.00,-2290336.50,3351080.55,20136.02,0.00,0.00,5695624.44,-32981.28,0.00,0.00,0.00,344767350.82,1219955.34,0.00,0.00,0.00,0.00,0.00,0.00,344767350.82,343547395.48,1219955.34,0.36,18.94,17.15,1.79,10.46,5.28,5.83,-0.55,-9.47,17.63,17.26,0.37,2.14,3351080.55,20136.02,100.00,-8659.51,0.00,2018-07-27,P&L
"MILLCORE4","INTEGRATED CORE STRATEGIES (EUROPE) SARL",342056648.04,338872252.89,3184395.15,0.94,318389897.78,341101082.59,-22711184.82,-6.66,23666750.26,-2228829.71,25895579.97,-1161.85,0.00,0.00,0.00,0.00,23666750.26,-2228829.71,25895579.97,-1161.85,"Swap Right",0.00,0.00,-3.03,8528.69,0.00,8531.72,3.03,-8528.69,0.00,0.00,5695624.44,-32981.28,0.00,0.00,0.00,344767350.82,1219955.34,0.00,0.00,0.00,0.00,0.00,0.00,344767350.82,343547395.48,1219955.34,0.36,18.94,17.15,1.79,10.46,5.28,5.83,-0.55,-9.47,17.63,17.26,0.37,2.14,3.03,-8528.69,100.00,-8659.51,0.00,2018-07-27,P&L
"MILLCORE4","INTEGRATED CORE STRATEGIES (EUROPE) SARL",342056648.04,338872252.89,3184395.15,0.94,318389897.78,341101082.59,-22711184.82,-6.66,23666750.26,-2228829.71,25895579.97,-1161.85,0.00,0.00,0.00,0.00,23666750.26,-2228829.71,25895579.97,-1161.85,Equity Swap,984696158.67,-57807735.61,-818002927.20,112506595.19,-2804777.08,1964569.90,309322643.00,-22689782.44,0.00,0.00,5695624.44,-32981.28,0.00,0.00,0.00,344767350.82,1219955.34,0.00,0.00,0.00,0.00,0.00,0.00,344767350.82,343547395.48,1219955.34,0.36,18.94,17.15,1.79,10.46,5.28,5.83,-0.55,-9.47,17.63,17.26,0.37,2.14,1802699085.87,-170314330.79,17.16,-8659.51,0.00,2018-07-27,P&L
