"Account_Number","Account_Name","Equity_Current","Equity_Previous","Equity_DOD_Change","Equity_%_Change","House_Requirement_Current","House_Requirement_Previous","House_Requirement_DOD_Change","House_Requirement_%_Change","House_Excess_Current","House_Excess_Previous","House_Excess_DOD_Change","House_Excess_%_Change","Reg_Excess/Deficit_Current","Reg_Excess/Deficit_Previous","Reg_Excess/Deficit_DOD_Change","Reg_Excess/Deficit_%_Change","Potential Cash Available Current","Potential Cash Available Previous","Potential Cash Available DOD","Potential Cash Available % Change","Product_Type_Desc","Long_Exposure","Long_Exposure_DOD_Change","Short_Exposure","Short_Exposure_DOD_Change","Net Equity","Net Equity DOD Change","Requirement","Requirement_DOD_Change","Portfolio_Requirement_Adjustment","Portfolio_Requirement_Adjustment_DOD_Change","FX_Requirement","FX_Requirement_DOD_Change","FX_Forward P&L","FX_Forward P&L_DOD_Change","FX_Forward_Unrl_P&L","Cash","Cash_DOD_Change","Money_Market_Balance","Money_Market_Balance_DOD_Change","Accrued_Interest_Req","Accrued_Interest_Req_DOD","Accrued_Interest_Requirement","Accrued_Interest_Requirement_DOD","Margin_Balance_Current","Margin_Balance_Previous","Margin_Balance_DOD_Change","Margin_Balance_%_Change","Equity_%_Current","Equity_%_Previous","Equity_%_DOD_Change","Equity_%_Change","Leverage_Current","Leverage_Previous","Leverage_DOD_Change","Leverage_%_Change","Average_Req_Current","Average_Req_Previous","Average_Req_DOD_Change","Average_Req_%_Change","Gross Exposure","Exp_DOD_Change","Req_%","Equity Adjustment","Free Credit","As Of Date","Net Equity Category"
"038CDGXK1","ICS OPPORTUNITIES LTD.        C/O MILLENNIUM INTERNATIONAL",252390009.59,264224779.41,-11834769.83,-4.48,1333266461.87,1296097473.14,37168988.73,2.87,-1080876452.29,-1031872693.72,-49003758.56,4.75,-224890574.25,-202836256.91,-22054317.34,10.87,-1080876452.29,-1031872693.72,-49003758.56,4.75,"Convertible Preferred",603625.05,40547.24,-16084.48,1804.11,587540.58,42351.35,121421.34,39705.82,0.00,0.00,0.00,0.00,0.00,0.00,0.00,308376402.48,-35537729.40,0.00,0.00,0.00,0.00,0.00,0.00,-613246181.11,-570618457.66,-42627723.45,7.47,14.47,15.49,-1.02,-6.58,6.91,6.46,0.45,7.04,76.42,75.96,0.46,0.61,619709.53,38743.14,19.59,0.00,0.00,2018-07-27,Net MV
"038CDGXK1","ICS OPPORTUNITIES LTD.        C/O MILLENNIUM INTERNATIONAL",252390009.59,264224779.41,-11834769.83,-4.48,1333266461.87,1296097473.14,37168988.73,2.87,-1080876452.29,-1031872693.72,-49003758.56,4.75,-224890574.25,-202836256.91,-22054317.34,10.87,-1080876452.29,-1031872693.72,-49003758.56,4.75,"Equity",441624859.64,30681306.88,-921326626.47,-7091781.05,-479701766.83,23589525.83,1328631005.34,37128571.91,0.00,0.00,0.00,0.00,0.00,0.00,0.00,308376402.48,-35537729.40,0.00,0.00,0.00,0.00,0.00,0.00,-613246181.11,-570618457.66,-42627723.45,7.47,14.47,15.49,-1.02,-6.58,6.91,6.46,0.45,7.04,76.42,75.96,0.46,0.61,1362951486.12,37773087.93,97.48,0.00,0.00,2018-07-27,Net MV
"038CDGXK1","ICS OPPORTUNITIES LTD.        C/O MILLENNIUM INTERNATIONAL",252390009.59,264224779.41,-11834769.83,-4.48,1333266461.87,1296097473.14,37168988.73,2.87,-1080876452.29,-1031872693.72,-49003758.56,4.75,-224890574.25,-202836256.91,-22054317.34,10.87,-1080876452.29,-1031872693.72,-49003758.56,4.75,"Right",0.00,0.00,-279673.14,0.00,-279673.14,0.00,279673.14,0.00,0.00,0.00,0.00,0.00,0.00,0.00,0.00,308376402.48,-35537729.40,0.00,0.00,0.00,0.00,0.00,0.00,-613246181.11,-570618457.66,-42627723.45,7.47,14.47,15.49,-1.02,-6.58,6.91,6.46,0.45,7.04,76.42,75.96,0.46,0.61,279673.14,0.00,100.00,0.00,0.00,2018-07-27,Net MV
"038CDGXK1","ICS OPPORTUNITIES LTD.        C/O MILLENNIUM INTERNATIONAL",252390009.59,264224779.41,-11834769.83,-4.48,1333266461.87,1296097473.14,37168988.73,2.87,-1080876452.29,-1031872693.72,-49003758.56,4.75,-224890574.25,-202836256.91,-22054317.34,10.87,-1080876452.29,-1031872693.72,-49003758.56,4.75,"US Treasury & Agency",423407706.00,71099.50,0.00,0.00,423407706.00,71099.50,4234077.06,711.00,0.00,0.00,0.00,0.00,0.00,0.00,0.00,308376402.48,-35537729.40,0.00,0.00,0.00,0.00,0.00,0.00,-613246181.11,-570618457.66,-42627723.45,7.47,14.47,15.49,-1.02,-6.58,6.91,6.46,0.45,7.04,76.42,75.96,0.46,0.61,423407706.00,71099.50,1.00,0.00,0.00,2018-07-27,Net MV
"038CDGXK1","ICS OPPORTUNITIES LTD.        C/O MILLENNIUM INTERNATIONAL",252390009.59,264224779.41,-11834769.83,-4.48,1333266461.87,1296097473.14,37168988.73,2.87,-1080876452.29,-1031872693.72,-49003758.56,4.75,-224890574.25,-202836256.91,-22054317.34,10.87,-1080876452.29,-1031872693.72,-49003758.56,4.75,"Warrant/Right",0.00,0.00,-199.50,-17.10,-199.50,-17.10,285.00,0.00,0.00,0.00,0.00,0.00,0.00,0.00,0.00,308376402.48,-35537729.40,0.00,0.00,0.00,0.00,0.00,0.00,-613246181.11,-570618457.66,-42627723.45,7.47,14.47,15.49,-1.02,-6.58,6.91,6.46,0.45,7.04,76.42,75.96,0.46,0.61,199.50,17.10,142.86,0.00,0.00,2018-07-27,Net MV
