Business Date,Margin Group,Fund Name,Base CCY,Active Requirement,Total Excess/Deficit,Margin Excess/Deficit,House Total Equity,House Total REquirement,House Excess/Deficit,House Base requirement,House PB Incremental Requirement,House PB Excluded Positions Requirement,House PB Margin Account Equity,House PB US Options Equity,House Long Market Value,House Short Market Value,House Cash Balance,House Swaps Equity,Long MTM,Short MTM,Short Notional,Long Notional,House Futures/Options Equity,Minimum Requirement Excess/Deficit,PM Eligible,PM Ineligible FINRA 4210,PM Ineligible,PM Margin Account Equity,PM Margin Account Excess/Deficit,PM Long Market Value,PM Short Market Value,PM Cash Balance,Arranging / International PB Excess Deficit,Swaps Collateral,Swaps Variation Margin,Swaps Requirement,Swaps Excess/Deficit,Futures Collateral,Futures/Options Variation Margin,Futures/Options Requirement,Futures/Options Excess/Deficit,Cash Account - Withdrawable Cash / Deficit,Cash Account - LMV,Cash Account - SMV,Cash Account - Trade Date Balance Credit/Debit,Cash Account - Settle Date Balance Credit/Debit,Cash Account - Equity,Liquidating Equity,Field1,Field2,Field3,Field4,Field5,House Currency Requirement,Regulatory Currency Requirement,Margin Platform,Offering Type,Net Equity Requirement,CGMI Net Equity,Net Equity Excess/Deficit,ClientId,Settlement Date,Cash Available,Leap Loan Value,Short Option Adjustment,Base Contract Name,SMA,Gross Market Value,Reserve Balance,Options Long Market Value,Options Short Market Value,REGT Eligible,REGT Ineligible,REGT Margin Account Equity,REGT Margin Account Excess/Deficit,REGT Long Market Value,REGT Short Market Value,REGT Cash Balance,House Equity Stress Minimum Requirement,House Equity Stress Minimum Requirement Rate,Total Regulatory Requirement,House Min Req Add-on
6/18/2018,MILLF10,INTEGRATED ASSETS II LLC - USPB,USD,HOUSE,115593189.4,115593189.4,329988261.2,214395071.8,115593189.4,201218155,477155.9841,12699760.8,329988261.2,0,1162360139,-1715861525,883489647.9,0,0,0,0,0,0,,,,,,,,,,,,,,,,,,,0,0,0,0,0,0,329988261.2,,,,,,0,,PM,Base Contract,5000000,329988188.9,324988188.9,MILLEN,,,,0,USPB,,2878221664,0,0,0,,,,,,,,114620876.1,0.04,214390007.4,0
6/18/2018,MILLF11,INTEGRATED ASSETS LTD - USPB,USD,HOUSE,23655305.69,23655305.69,46021251.36,22365945.68,23655305.69,20217562.87,0,2148382.81,46021251.36,0,250300833.6,-249435542.3,45155960.06,0,0,0,0,0,0,,,,,,,,,,,,,,,,,,,0,0,0,0,0,0,46021251.36,,,,,,0,,PM,Base Contract,5000000,46021148.72,41021148.72,MILLEN,,,,0,USPB,,499736375.8,0,0,0,,,,,,,,19903519.72,0.04,22166299.26,0
6/18/2018,MILVF03,ICS OPPORTUNITIES LIMITED - USPB,USD,HOUSE,6403257.394,6148493.144,95932452.68,89783959.54,6148493.144,71652843,135483.7862,17995632.75,95932452.68,0,356040689.3,-414183140,154074903.4,0,0,0,0,0,0,,,,,,,,,,,,,,,,,,,254764.25,0,0,254764.25,254764.25,254764.25,96187216.93,,,,,,0,,PM,Base Contract,5000000,95932452.68,90932452.68,MILLEN,,,,0,USPB,,770223829.3,0,0,0,,,,,,,,30089127.86,0.04,89778961.13,0
6/18/2018,MILVF04,INTEGRATED CORE STRATEGIES (US) LLC - USPB,USD,HOUSE,299725433,299725433,594795167.4,295069734.4,299725433,248797456.1,12182033.03,34090245.27,594795167.4,0,2650495415,-2285679969,229979720.9,0,0,0,0,0,0,,,,,,,,,,,,,,,,,,,0,0,0,0,0,0,594795167.4,,,,,,0,,PM,Base Contract,5000000,594795154.1,589795154.1,MILLEN,,,,0,USPB,,4936175383,0,0,0,,,,,,,,196083405.5,0.04,295069734.4,1758448.179
6/18/2018,MILLENL01,MILLENNIUM FIXED INCOME LIMITED - USPB,USD,HOUSE,0,0,0,0,0,0,0,0,0,0,0,0,,0,0,0,0,0,0,0,,0,,0,0,0,0,,0,0,0,,0,0,0,0,0,0,0,0,0,0,0,0,,,,,,,,PM,Base Contract,5000000,0,-5000000,MILLEN,,,,0,USPB,,0,,0,0,,,,,,,,0,0,0,
