06/19/2018 02:26:51 PB Reg U Margin Positions Summary
Account Name,Account ID,Account Legal Entity,Client Name,Base CCY,Header Account Chosen Requirement Type,Header Account Group Indicator,Header Account House Calculation Description,Header Account Regulatory Calculation Description,Header Account Chosen Requirement,Header Account Excess Call,Header Account House OMG Requirement,Header Account House RBM Requirement,Header Account House Total Requirement,Header Account Liquidation Value,Header Account Long Market Value,Header Account Short Market Value,Header Account Net Cash Balance,Header Account PME,Header Account Regulatory Requirement,Header Account Restricted Requirement,Header Account Type01 Requirement,Business Date,Run Date,Run Time
COGNIZANT HOLDINGS LIMITED,22056203,BARC,MILLENNIUM PARTNERS LP,USD,HOUSE,N,REGU-W129,REGU,0,0,0,0,0,0,0,0,0,0,0,0,0,20180618,20180619,022651
INTEGRATED CORE STRATEGIES (US) LLC,22056204,BARC,MILLENNIUM PARTNERS LP,USD,HOUSE,N,REGU-W191,REGU,519241819,9025381,3744133,515497686,519241819,528267200,3583360062,-3074956025,19863163,-9025381,244850837.50,0,0,20180618,20180619,022651
INTEGRATED ASSETS LIMITED,22056205,BARC,MILLENNIUM PARTNERS LP,USD,HOUSE,N,REGU-W191,REGU,90214884,424807,1047,90213837,90214884,90639691,850620127,-884460681,124480245,-424807,0,0,0,20180618,20180619,022651
ICS OPPORTUNITIES LIMITED,22056206,BARC,MILLENNIUM PARTNERS LP,USD,HOUSE,N,REGU-W219,REGU,159149730,-22014846,0,158877600,159149730,137134884,1649140686,-1577815364,65809562,22014846,35525878.79,0,272130,20180618,20180619,022651
INTEGRATED ASSETS II LLC,22056207,BARC,MILLENNIUM PARTNERS LP,USD,HOUSE,N,REGU-W236,REGU,453553614,15084647,14900183,438653431,453553614,468638261,2417620497,-2853553990,904571755,-15084647,0,0,0,20180618,20180619,022651
End of File: 5 Records
