"Account_Number","Account_Name","Equity_Current","Equity_Previous","Equity_DOD_Change","Equity_%_Change","House_Requirement_Current","House_Requirement_Previous","House_Requirement_DOD_Change","House_Requirement_%_Change","House_Excess_Current","House_Excess_Previous","House_Excess_DOD_Change","House_Excess_%_Change","Reg_Excess/Deficit_Current","Reg_Excess/Deficit_Previous","Reg_Excess/Deficit_DOD_Change","Reg_Excess/Deficit_%_Change","Potential Cash Available Current","Potential Cash Available Previous","Potential Cash Available DOD","Potential Cash Available % Change","Product_Type_Desc","Long_Exposure","Long_Exposure_DOD_Change","Short_Exposure","Short_Exposure_DOD_Change","Net Equity","Net Equity DOD Change","Requirement","Requirement_DOD_Change","Portfolio_Requirement_Adjustment","Portfolio_Requirement_Adjustment_DOD_Change","FX_Requirement","FX_Requirement_DOD_Change","FX_Forward P&L","FX_Forward P&L_DOD_Change","FX_Forward_Unrl_P&L","Cash","Cash_DOD_Change","Money_Market_Balance","Money_Market_Balance_DOD_Change","Accrued_Interest_Req","Accrued_Interest_Req_DOD","Accrued_Interest_Requirement","Accrued_Interest_Requirement_DOD","Margin_Balance_Current","Margin_Balance_Previous","Margin_Balance_DOD_Change","Margin_Balance_%_Change","Equity_%_Current","Equity_%_Previous","Equity_%_DOD_Change","Equity_%_Change","Leverage_Current","Leverage_Previous","Leverage_DOD_Change","Leverage_%_Change","Average_Req_Current","Average_Req_Previous","Average_Req_DOD_Change","Average_Req_%_Change","Gross Exposure","Exp_DOD_Change","Req_%","Equity Adjustment","Free Credit","As Of Date","Net Equity Category"
"INTECORE6","INTEGRATED CORE STRATEGIES (ASIA) PTE. LTD.",504757608.57,471268826.72,33488781.85,7.11,511673008.88,515720872.34,-4047863.46,-0.78,-6915400.31,-44452045.63,37536645.32,-84.44,0.00,0.00,0.00,0.00,-6915400.31,-44452045.63,37536645.32,-84.44,"Equity",1060168732.06,12357698.25,-479187932.72,-3520435.42,580980799.34,8837262.83,335005392.00,188296.44,0.00,0.00,4929224.90,-22089.15,0.00,0.00,0.00,-70562055.31,32138431.80,0.00,0.00,0.00,0.00,0.00,0.00,-549749988.03,-578367984.41,28617996.38,-4.95,19.97,18.58,1.39,7.48,5.01,5.38,-0.37,-6.96,20.24,20.33,-0.09,-0.44,1539356664.78,15878133.68,21.76,-1340778.13,0.00,2018-06-18,Net MV
"INTECORE6","INTEGRATED CORE STRATEGIES (ASIA) PTE. LTD.",504757608.57,471268826.72,33488781.85,7.11,511673008.88,515720872.34,-4047863.46,-0.78,-6915400.31,-44452045.63,37536645.32,-84.44,0.00,0.00,0.00,0.00,-6915400.31,-44452045.63,37536645.32,-84.44,"Equity / Index Future",0.00,0.00,-8795703.20,53740.00,-45136.26,186.71,1301706.39,-12739.37,0.00,0.00,4929224.90,-22089.15,0.00,0.00,0.00,-70562055.31,32138431.80,0.00,0.00,0.00,0.00,0.00,0.00,-549749988.03,-578367984.41,28617996.38,-4.95,19.97,18.58,1.39,7.48,5.01,5.38,-0.37,-6.96,20.24,20.33,-0.09,-0.44,8795703.20,-53740.00,14.80,-1340778.13,0.00,2018-06-18,OTE
"INTECORE6","INTEGRATED CORE STRATEGIES (ASIA) PTE. LTD.",504757608.57,471268826.72,33488781.85,7.11,511673008.88,515720872.34,-4047863.46,-0.78,-6915400.31,-44452045.63,37536645.32,-84.44,0.00,0.00,0.00,0.00,-6915400.31,-44452045.63,37536645.32,-84.44,"Swap Right",3417.50,-180.49,-5473.11,1905.39,0.00,3780.50,8890.61,-2085.88,0.00,0.00,4929224.90,-22089.15,0.00,0.00,0.00,-70562055.31,32138431.80,0.00,0.00,0.00,0.00,0.00,0.00,-549749988.03,-578367984.41,28617996.38,-4.95,19.97,18.58,1.39,7.48,5.01,5.38,-0.37,-6.96,20.24,20.33,-0.09,-0.44,8890.61,-2085.88,100.00,-1340778.13,0.00,2018-06-18,P&L
"INTECORE6","INTEGRATED CORE STRATEGIES (ASIA) PTE. LTD.",504757608.57,471268826.72,33488781.85,7.11,511673008.88,515720872.34,-4047863.46,-0.78,-6915400.31,-44452045.63,37536645.32,-84.44,0.00,0.00,0.00,0.00,-6915400.31,-44452045.63,37536645.32,-84.44,Equity Swap,651423065.58,-21298805.51,-328207120.11,3343401.40,-4275221.07,-7493194.89,170427794.97,-4199245.50,0.00,0.00,4929224.90,-22089.15,0.00,0.00,0.00,-70562055.31,32138431.80,0.00,0.00,0.00,0.00,0.00,0.00,-549749988.03,-578367984.41,28617996.38,-4.95,19.97,18.58,1.39,7.48,5.01,5.38,-0.37,-6.96,20.24,20.33,-0.09,-0.44,979630185.69,-24642206.91,17.40,-1340778.13,0.00,2018-06-18,P&L
