"Account_Number","Account_Name","Equity_Current","Equity_Previous","Equity_DOD_Change","Equity_%_Change","House_Requirement_Current","House_Requirement_Previous","House_Requirement_DOD_Change","House_Requirement_%_Change","House_Excess_Current","House_Excess_Previous","House_Excess_DOD_Change","House_Excess_%_Change","Reg_Excess/Deficit_Current","Reg_Excess/Deficit_Previous","Reg_Excess/Deficit_DOD_Change","Reg_Excess/Deficit_%_Change","Potential Cash Available Current","Potential Cash Available Previous","Potential Cash Available DOD","Potential Cash Available % Change","Product_Type_Desc","Long_Exposure","Long_Exposure_DOD_Change","Short_Exposure","Short_Exposure_DOD_Change","Net Equity","Net Equity DOD Change","Requirement","Requirement_DOD_Change","Portfolio_Requirement_Adjustment","Portfolio_Requirement_Adjustment_DOD_Change","FX_Requirement","FX_Requirement_DOD_Change","FX_Forward P&L","FX_Forward P&L_DOD_Change","FX_Forward_Unrl_P&L","Cash","Cash_DOD_Change","Money_Market_Balance","Money_Market_Balance_DOD_Change","Accrued_Interest_Req","Accrued_Interest_Req_DOD","Accrued_Interest_Requirement","Accrued_Interest_Requirement_DOD","Margin_Balance_Current","Margin_Balance_Previous","Margin_Balance_DOD_Change","Margin_Balance_%_Change","Equity_%_Current","Equity_%_Previous","Equity_%_DOD_Change","Equity_%_Change","Leverage_Current","Leverage_Previous","Leverage_DOD_Change","Leverage_%_Change","Average_Req_Current","Average_Req_Previous","Average_Req_DOD_Change","Average_Req_%_Change","Gross Exposure","Exp_DOD_Change","Req_%","Equity Adjustment","Free Credit","As Of Date","Net Equity Category"
"MILLCORE4","INTEGRATED CORE STRATEGIES (EUROPE) SARL",383509664.20,460024148.63,-76514484.42,-16.63,382308888.12,381166004.73,1142883.39,0.30,1200776.08,78858143.90,-77657367.82,-98.48,0.00,0.00,0.00,0.00,1200776.08,78858143.90,-77657367.82,-98.48,"Equity",0.00,0.00,0.00,0.00,0.00,0.00,0.00,0.00,0.00,0.00,5144714.05,-169487.33,0.00,0.00,0.00,394772382.42,-70696596.20,0.00,0.00,0.00,0.00,0.00,0.00,394772382.42,465468978.62,-70696596.20,-15.19,15.74,18.99,-3.25,-17.12,6.35,5.27,1.09,20.66,15.69,15.74,-0.05,-0.29,0.00,0.00,0.00,0.00,0.01,2018-06-18,Net MV
"MILLCORE4","INTEGRATED CORE STRATEGIES (EUROPE) SARL",383509664.20,460024148.63,-76514484.42,-16.63,382308888.12,381166004.73,1142883.39,0.30,1200776.08,78858143.90,-77657367.82,-98.48,0.00,0.00,0.00,0.00,1200776.08,78858143.90,-77657367.82,-98.48,"Non-US Sovereign Bond",101693.47,-1086.33,0.00,0.00,101693.47,-1086.33,20338.69,-217.27,0.00,0.00,5144714.05,-169487.33,0.00,0.00,0.00,394772382.42,-70696596.20,0.00,0.00,0.00,0.00,0.00,0.00,394772382.42,465468978.62,-70696596.20,-15.19,15.74,18.99,-3.25,-17.12,6.35,5.27,1.09,20.66,15.69,15.74,-0.05,-0.29,101693.47,-1086.33,20.00,0.00,0.01,2018-06-18,Net MV
"MILLCORE4","INTEGRATED CORE STRATEGIES (EUROPE) SARL",383509664.20,460024148.63,-76514484.42,-16.63,382308888.12,381166004.73,1142883.39,0.30,1200776.08,78858143.90,-77657367.82,-98.48,0.00,0.00,0.00,0.00,1200776.08,78858143.90,-77657367.82,-98.48,"Swap Fund",3273281.58,-16620.85,-1144125.95,-2704.84,0.00,-2148481.31,4417407.53,-13916.02,0.00,0.00,5144714.05,-169487.33,0.00,0.00,0.00,394772382.42,-70696596.20,0.00,0.00,0.00,0.00,0.00,0.00,394772382.42,465468978.62,-70696596.20,-15.19,15.74,18.99,-3.25,-17.12,6.35,5.27,1.09,20.66,15.69,15.74,-0.05,-0.29,4417407.53,-13916.02,100.00,0.00,0.01,2018-06-18,P&L
"MILLCORE4","INTEGRATED CORE STRATEGIES (EUROPE) SARL",383509664.20,460024148.63,-76514484.42,-16.63,382308888.12,381166004.73,1142883.39,0.30,1200776.08,78858143.90,-77657367.82,-98.48,0.00,0.00,0.00,0.00,1200776.08,78858143.90,-77657367.82,-98.48,"Swap Right",47148.33,6388.95,-25884.15,-25884.15,0.00,-40759.37,73032.48,32273.10,0.00,0.00,5144714.05,-169487.33,0.00,0.00,0.00,394772382.42,-70696596.20,0.00,0.00,0.00,0.00,0.00,0.00,394772382.42,465468978.62,-70696596.20,-15.19,15.74,18.99,-3.25,-17.12,6.35,5.27,1.09,20.66,15.69,15.74,-0.05,-0.29,73032.48,32273.10,100.00,0.00,0.01,2018-06-18,P&L
"MILLCORE4","INTEGRATED CORE STRATEGIES (EUROPE) SARL",383509664.20,460024148.63,-76514484.42,-16.63,382308888.12,381166004.73,1142883.39,0.30,1200776.08,78858143.90,-77657367.82,-98.48,0.00,0.00,0.00,0.00,1200776.08,78858143.90,-77657367.82,-98.48,Equity Swap,1246430710.99,12337153.82,-1185680055.12,-1957632.55,-11364411.68,-5816801.90,372653395.37,1294230.90,0.00,0.00,5144714.05,-169487.33,0.00,0.00,0.00,394772382.42,-70696596.20,0.00,0.00,0.00,0.00,0.00,0.00,394772382.42,465468978.62,-70696596.20,-15.19,15.74,18.99,-3.25,-17.12,6.35,5.27,1.09,20.66,15.69,15.74,-0.05,-0.29,2432110766.11,14294786.36,15.32,0.00,0.01,2018-06-18,P&L
