"Account_Number","Account_Name","Equity_Current","Equity_Previous","Equity_DOD_Change","Equity_%_Change","House_Requirement_Current","House_Requirement_Previous","House_Requirement_DOD_Change","House_Requirement_%_Change","House_Excess_Current","House_Excess_Previous","House_Excess_DOD_Change","House_Excess_%_Change","Reg_Excess/Deficit_Current","Reg_Excess/Deficit_Previous","Reg_Excess/Deficit_DOD_Change","Reg_Excess/Deficit_%_Change","Potential Cash Available Current","Potential Cash Available Previous","Potential Cash Available DOD","Potential Cash Available % Change","Product_Type_Desc","Long_Exposure","Long_Exposure_DOD_Change","Short_Exposure","Short_Exposure_DOD_Change","Net Equity","Net Equity DOD Change","Requirement","Requirement_DOD_Change","Portfolio_Requirement_Adjustment","Portfolio_Requirement_Adjustment_DOD_Change","FX_Requirement","FX_Requirement_DOD_Change","FX_Forward P&L","FX_Forward P&L_DOD_Change","FX_Forward_Unrl_P&L","Cash","Cash_DOD_Change","Money_Market_Balance","Money_Market_Balance_DOD_Change","Accrued_Interest_Req","Accrued_Interest_Req_DOD","Accrued_Interest_Requirement","Accrued_Interest_Requirement_DOD","Margin_Balance_Current","Margin_Balance_Previous","Margin_Balance_DOD_Change","Margin_Balance_%_Change","Equity_%_Current","Equity_%_Previous","Equity_%_DOD_Change","Equity_%_Change","Leverage_Current","Leverage_Previous","Leverage_DOD_Change","Leverage_%_Change","Average_Req_Current","Average_Req_Previous","Average_Req_DOD_Change","Average_Req_%_Change","Gross Exposure","Exp_DOD_Change","Req_%","Equity Adjustment","Free Credit","As Of Date","Net Equity Category"
"H38C46310","INTEGRATED ASSETS, LTD        C/O MILLENNIUM INTERNATIONAL",144314916.66,144604945.23,-290028.56,-0.20,172483840.59,164376019.29,8107821.29,4.93,-28168923.92,-19771074.07,-8397849.86,42.48,-7592626.01,-22353575.28,14760949.26,-66.03,-28168923.92,-22353575.28,-5815348.65,26.02,"Convertible Preferred",688509.88,-24538.54,0.00,0.00,688509.88,-24538.54,441250.71,4123.97,4618502.25,2554913.10,6101084.26,150543.19,0.00,0.00,0.00,-1123107.78,-24588548.05,0.00,0.00,0.00,0.00,0.00,0.00,-974363571.92,-924294101.76,-50069470.16,5.42,8.52,8.71,-0.19,-2.19,11.73,11.48,0.26,2.24,10.19,9.90,0.28,2.84,688509.88,-24538.54,64.09,0.00,0.00,2018-06-18,Net MV
"H38C46310","INTEGRATED ASSETS, LTD        C/O MILLENNIUM INTERNATIONAL",144314916.66,144604945.23,-290028.56,-0.20,172483840.59,164376019.29,8107821.29,4.93,-28168923.92,-19771074.07,-8397849.86,42.48,-7592626.01,-22353575.28,14760949.26,-66.03,-28168923.92,-22353575.28,-5815348.65,26.02,"Equity",938516158.20,49795266.89,-973240464.14,-25480922.11,-34724305.94,24314344.78,159578265.17,5398153.91,4618502.25,2554913.10,6101084.26,150543.19,0.00,0.00,0.00,-1123107.78,-24588548.05,0.00,0.00,0.00,0.00,0.00,0.00,-974363571.92,-924294101.76,-50069470.16,5.42,8.52,8.71,-0.19,-2.19,11.73,11.48,0.26,2.24,10.19,9.90,0.28,2.84,1911756622.34,75276188.99,8.35,0.00,0.00,2018-06-18,Net MV
"H38C46310","INTEGRATED ASSETS, LTD        C/O MILLENNIUM INTERNATIONAL",144314916.66,144604945.23,-290028.56,-0.20,172483840.59,164376019.29,8107821.29,4.93,-28168923.92,-19771074.07,-8397849.86,42.48,-7592626.01,-22353575.28,14760949.26,-66.03,-28168923.92,-22353575.28,-5815348.65,26.02,"Cash/Money",5000000.00,0.00,0.00,0.00,5000000.00,0.00,0.00,0.00,4618502.25,2554913.10,6101084.26,150543.19,0.00,0.00,0.00,-1123107.78,-24588548.05,0.00,0.00,0.00,0.00,0.00,0.00,-974363571.92,-924294101.76,-50069470.16,5.42,8.52,8.71,-0.19,-2.19,11.73,11.48,0.26,2.24,10.19,9.90,0.28,2.84,5000000.00,0.00,0.00,0.00,0.00,2018-06-18,Net MV
"H38C46310","INTEGRATED ASSETS, LTD        C/O MILLENNIUM INTERNATIONAL",144314916.66,144604945.23,-290028.56,-0.20,172483840.59,164376019.29,8107821.29,4.93,-28168923.92,-19771074.07,-8397849.86,42.48,-7592626.01,-22353575.28,14760949.26,-66.03,-28168923.92,-22353575.28,-5815348.65,26.02,"US Treasury & Agency",174473820.50,8713.25,0.00,0.00,174473820.50,8713.25,1744738.21,87.13,4618502.25,2554913.10,6101084.26,150543.19,0.00,0.00,0.00,-1123107.78,-24588548.05,0.00,0.00,0.00,0.00,0.00,0.00,-974363571.92,-924294101.76,-50069470.16,5.42,8.52,8.71,-0.19,-2.19,11.73,11.48,0.26,2.24,10.19,9.90,0.28,2.84,174473820.50,8713.25,1.00,0.00,0.00,2018-06-18,Net MV
