"Account_Number","Account_Name","Equity_Current","Equity_Previous","Equity_DOD_Change","Equity_%_Change","House_Requirement_Current","House_Requirement_Previous","House_Requirement_DOD_Change","House_Requirement_%_Change","House_Excess_Current","House_Excess_Previous","House_Excess_DOD_Change","House_Excess_%_Change","Reg_Excess/Deficit_Current","Reg_Excess/Deficit_Previous","Reg_Excess/Deficit_DOD_Change","Reg_Excess/Deficit_%_Change","Potential Cash Available Current","Potential Cash Available Previous","Potential Cash Available DOD","Potential Cash Available % Change","Product_Type_Desc","Long_Exposure","Long_Exposure_DOD_Change","Short_Exposure","Short_Exposure_DOD_Change","Net Equity","Net Equity DOD Change","Requirement","Requirement_DOD_Change","Portfolio_Requirement_Adjustment","Portfolio_Requirement_Adjustment_DOD_Change","FX_Requirement","FX_Requirement_DOD_Change","FX_Forward P&L","FX_Forward P&L_DOD_Change","FX_Forward_Unrl_P&L","Cash","Cash_DOD_Change","Money_Market_Balance","Money_Market_Balance_DOD_Change","Accrued_Interest_Req","Accrued_Interest_Req_DOD","Accrued_Interest_Requirement","Accrued_Interest_Requirement_DOD","Margin_Balance_Current","Margin_Balance_Previous","Margin_Balance_DOD_Change","Margin_Balance_%_Change","Equity_%_Current","Equity_%_Previous","Equity_%_DOD_Change","Equity_%_Change","Leverage_Current","Leverage_Previous","Leverage_DOD_Change","Leverage_%_Change","Average_Req_Current","Average_Req_Previous","Average_Req_DOD_Change","Average_Req_%_Change","Gross Exposure","Exp_DOD_Change","Req_%","Equity Adjustment","Free Credit","As Of Date","Net Equity Category"
"038C001Y5","INTEGRATED CORE STRATEGIES    (US) LLC",1633312424.44,1628766980.29,4545444.15,0.28,6312452717.70,6406220640.70,-93767923.00,-1.46,-4679140293.26,-4777453660.41,98313367.15,-2.06,-138852251.15,-164248764.57,25396513.42,-15.46,-4679140293.26,-4777453660.41,98313367.15,-2.06,"Convertible Preferred",5146297.81,-26338.23,0.00,0.00,5146297.81,-26338.23,5146297.81,-26338.23,0.00,0.00,0.00,0.00,0.00,0.00,0.00,403212236.23,111289414.63,0.00,0.00,0.00,0.00,0.00,0.00,-2237994244.93,-2315845895.04,77851650.11,-3.36,25.86,25.41,0.45,1.75,3.87,3.93,-0.07,-1.72,99.94,99.96,-0.01,-0.01,5146297.81,-26338.23,100.00,0.00,0.00,2018-06-18,Net MV
"038C001Y5","INTEGRATED CORE STRATEGIES    (US) LLC",1633312424.44,1628766980.29,4545444.15,0.28,6312452717.70,6406220640.70,-93767923.00,-1.46,-4679140293.26,-4777453660.41,98313367.15,-2.06,-138852251.15,-164248764.57,25396513.42,-15.46,-4679140293.26,-4777453660.41,98313367.15,-2.06,"Equity",3864828441.85,-73316699.45,-2641206481.16,-33437764.52,1223621960.68,-106754463.97,6305974490.17,-93778416.49,0.00,0.00,0.00,0.00,0.00,0.00,0.00,403212236.23,111289414.63,0.00,0.00,0.00,0.00,0.00,0.00,-2237994244.93,-2315845895.04,77851650.11,-3.36,25.86,25.41,0.45,1.75,3.87,3.93,-0.07,-1.72,99.94,99.96,-0.01,-0.01,6506034923.01,-39878934.93,96.93,0.00,0.00,2018-06-18,Net MV
"038C001Y5","INTEGRATED CORE STRATEGIES    (US) LLC",1633312424.44,1628766980.29,4545444.15,0.28,6312452717.70,6406220640.70,-93767923.00,-1.46,-4679140293.26,-4777453660.41,98313367.15,-2.06,-138852251.15,-164248764.57,25396513.42,-15.46,-4679140293.26,-4777453660.41,98313367.15,-2.06,"Fund/Unit",1024335.00,9270.00,0.00,0.00,1024335.00,9270.00,1024335.00,9270.00,0.00,0.00,0.00,0.00,0.00,0.00,0.00,403212236.23,111289414.63,0.00,0.00,0.00,0.00,0.00,0.00,-2237994244.93,-2315845895.04,77851650.11,-3.36,25.86,25.41,0.45,1.75,3.87,3.93,-0.07,-1.72,99.94,99.96,-0.01,-0.01,1024335.00,9270.00,100.00,0.00,0.00,2018-06-18,Net MV
"038C001Y5","INTEGRATED CORE STRATEGIES    (US) LLC",1633312424.44,1628766980.29,4545444.15,0.28,6312452717.70,6406220640.70,-93767923.00,-1.46,-4679140293.26,-4777453660.41,98313367.15,-2.06,-138852251.15,-164248764.57,25396513.42,-15.46,-4679140293.26,-4777453660.41,98313367.15,-2.06,"Right",252783.72,25521.72,0.00,0.00,252783.72,25521.72,252783.72,25521.72,0.00,0.00,0.00,0.00,0.00,0.00,0.00,403212236.23,111289414.63,0.00,0.00,0.00,0.00,0.00,0.00,-2237994244.93,-2315845895.04,77851650.11,-3.36,25.86,25.41,0.45,1.75,3.87,3.93,-0.07,-1.72,99.94,99.96,-0.01,-0.01,252783.72,25521.72,100.00,0.00,0.00,2018-06-18,Net MV
"038C001Y5","INTEGRATED CORE STRATEGIES    (US) LLC",1633312424.44,1628766980.29,4545444.15,0.28,6312452717.70,6406220640.70,-93767923.00,-1.46,-4679140293.26,-4777453660.41,98313367.15,-2.06,-138852251.15,-164248764.57,25396513.42,-15.46,-4679140293.26,-4777453660.41,98313367.15,-2.06,"Warrant/Right",54811.00,2040.00,0.00,0.00,54811.00,2040.00,54811.00,2040.00,0.00,0.00,0.00,0.00,0.00,0.00,0.00,403212236.23,111289414.63,0.00,0.00,0.00,0.00,0.00,0.00,-2237994244.93,-2315845895.04,77851650.11,-3.36,25.86,25.41,0.45,1.75,3.87,3.93,-0.07,-1.72,99.94,99.96,-0.01,-0.01,54811.00,2040.00,100.00,0.00,0.00,2018-06-18,Net MV
