"Account_Number","Account_Name","Equity_Current","Equity_Previous","Equity_DOD_Change","Equity_%_Change","House_Requirement_Current","House_Requirement_Previous","House_Requirement_DOD_Change","House_Requirement_%_Change","House_Excess_Current","House_Excess_Previous","House_Excess_DOD_Change","House_Excess_%_Change","Reg_Excess/Deficit_Current","Reg_Excess/Deficit_Previous","Reg_Excess/Deficit_DOD_Change","Reg_Excess/Deficit_%_Change","Potential Cash Available Current","Potential Cash Available Previous","Potential Cash Available DOD","Potential Cash Available % Change","Product_Type_Desc","Long_Exposure","Long_Exposure_DOD_Change","Short_Exposure","Short_Exposure_DOD_Change","Net Equity","Net Equity DOD Change","Requirement","Requirement_DOD_Change","Portfolio_Requirement_Adjustment","Portfolio_Requirement_Adjustment_DOD_Change","FX_Requirement","FX_Requirement_DOD_Change","FX_Forward P&L","FX_Forward P&L_DOD_Change","FX_Forward_Unrl_P&L","Cash","Cash_DOD_Change","Money_Market_Balance","Money_Market_Balance_DOD_Change","Accrued_Interest_Req","Accrued_Interest_Req_DOD","Accrued_Interest_Requirement","Accrued_Interest_Requirement_DOD","Margin_Balance_Current","Margin_Balance_Previous","Margin_Balance_DOD_Change","Margin_Balance_%_Change","Equity_%_Current","Equity_%_Previous","Equity_%_DOD_Change","Equity_%_Change","Leverage_Current","Leverage_Previous","Leverage_DOD_Change","Leverage_%_Change","Average_Req_Current","Average_Req_Previous","Average_Req_DOD_Change","Average_Req_%_Change","Gross Exposure","Exp_DOD_Change","Req_%","Equity Adjustment","Free Credit","As Of Date","Net Equity Category"
"038CDGXK1","ICS OPPORTUNITIES LTD.        C/O MILLENNIUM INTERNATIONAL",896897060.77,287309718.51,609587342.26,212.17,836409340.71,841291462.14,-4882121.43,-0.58,60487720.06,-553981743.63,614469463.69,-110.92,624947876.71,6306050.90,618641825.81,9810.29,60487720.06,-553981743.63,614469463.69,-110.92,"Convertible Preferred",636073.41,-45242.19,0.00,0.00,636073.41,-45242.19,636073.41,-45242.19,0.00,0.00,0.00,0.00,0.00,0.00,0.00,269779777.56,-23970170.31,0.00,0.00,0.00,0.00,0.00,0.00,-71198071.13,-512195406.40,440997335.27,-86.10,70.21,18.88,51.33,271.79,1.42,5.30,-3.87,-73.10,65.48,55.30,10.18,18.41,636073.41,-45242.19,100.00,0.00,0.00,2018-06-18,Net MV
"038CDGXK1","ICS OPPORTUNITIES LTD.        C/O MILLENNIUM INTERNATIONAL",896897060.77,287309718.51,609587342.26,212.17,836409340.71,841291462.14,-4882121.43,-0.58,60487720.06,-553981743.63,614469463.69,-110.92,624947876.71,6306050.90,618641825.81,9810.29,60487720.06,-553981743.63,614469463.69,-110.92,"Equity",543271140.49,168565840.93,-340977449.39,464967516.47,202293691.10,633533357.40,831530480.62,-4837573.32,0.00,0.00,0.00,0.00,0.00,0.00,0.00,269779777.56,-23970170.31,0.00,0.00,0.00,0.00,0.00,0.00,-71198071.13,-512195406.40,440997335.27,-86.10,70.21,18.88,51.33,271.79,1.42,5.30,-3.87,-73.10,65.48,55.30,10.18,18.41,884248589.88,-296401675.54,94.04,0.00,0.00,2018-06-18,Net MV
"038CDGXK1","ICS OPPORTUNITIES LTD.        C/O MILLENNIUM INTERNATIONAL",896897060.77,287309718.51,609587342.26,212.17,836409340.71,841291462.14,-4882121.43,-0.58,60487720.06,-553981743.63,614469463.69,-110.92,624947876.71,6306050.90,618641825.81,9810.29,60487720.06,-553981743.63,614469463.69,-110.92,"Right",0.00,0.00,0.00,0.00,0.00,0.00,0.00,0.00,0.00,0.00,0.00,0.00,0.00,0.00,0.00,269779777.56,-23970170.31,0.00,0.00,0.00,0.00,0.00,0.00,-71198071.13,-512195406.40,440997335.27,-86.10,70.21,18.88,51.33,271.79,1.42,5.30,-3.87,-73.10,65.48,55.30,10.18,18.41,0.00,0.00,0.00,0.00,0.00,2018-06-18,Net MV
"038CDGXK1","ICS OPPORTUNITIES LTD.        C/O MILLENNIUM INTERNATIONAL",896897060.77,287309718.51,609587342.26,212.17,836409340.71,841291462.14,-4882121.43,-0.58,60487720.06,-553981743.63,614469463.69,-110.92,624947876.71,6306050.90,618641825.81,9810.29,60487720.06,-553981743.63,614469463.69,-110.92,"US Treasury & Agency",424187918.00,69408.25,0.00,0.00,424187918.00,69408.25,4241879.18,694.08,0.00,0.00,0.00,0.00,0.00,0.00,0.00,269779777.56,-23970170.31,0.00,0.00,0.00,0.00,0.00,0.00,-71198071.13,-512195406.40,440997335.27,-86.10,70.21,18.88,51.33,271.79,1.42,5.30,-3.87,-73.10,65.48,55.30,10.18,18.41,424187918.00,69408.25,1.00,0.00,0.00,2018-06-18,Net MV
"038CDGXK1","ICS OPPORTUNITIES LTD.        C/O MILLENNIUM INTERNATIONAL",896897060.77,287309718.51,609587342.26,212.17,836409340.71,841291462.14,-4882121.43,-0.58,60487720.06,-553981743.63,614469463.69,-110.92,624947876.71,6306050.90,618641825.81,9810.29,60487720.06,-553981743.63,614469463.69,-110.92,"Warrant/Right",0.00,0.00,-399.30,-10.89,-399.30,-10.89,907.50,0.00,0.00,0.00,0.00,0.00,0.00,0.00,0.00,269779777.56,-23970170.31,0.00,0.00,0.00,0.00,0.00,0.00,-71198071.13,-512195406.40,440997335.27,-86.10,70.21,18.88,51.33,271.79,1.42,5.30,-3.87,-73.10,65.48,55.30,10.18,18.41,399.30,10.89,227.27,0.00,0.00,2018-06-18,Net MV
