06/12/2018 02:26:35 PB Reg U Margin Positions Summary,,,,,,,,,
Account Name,Account ID,Account Legal Entity,Client Name,Base CCY,Header Account Long Market Value,Header Account Short Market Value,Header Account Net Cash Balance,Header Account Liquidation Value,Header Account Excess Call
INTEGRATED CORE STRATEGIES (US) LLC,22056204,BARC,MILLENNIUM PARTNERS LP,USD,3463344478,-3183238477,292145290,572251291,45462007
INTEGRATED ASSETS LIMITED,22056205,BARC,MILLENNIUM PARTNERS LP,USD,651487438,-711125343,151415926,91778021,3964358
ICS OPPORTUNITIES LIMITED,22056206,BARC,MILLENNIUM PARTNERS LP,USD,671615723,-1026218175,482392002,127789550,-5646609
INTEGRATED ASSETS II LLC,22056207,BARC,MILLENNIUM PARTNERS LP,USD,2506474075,-2829731280,793422731,470165526,5841644
End of File: 5 Records,,,,,,,,,
