Business Date,Margin Group,Fund Name,Base CCY,Active Requirement,House Long Market Value,House Short Market Value,House Cash Balance,House Total Equity,House Excess/Deficit
6/11/2018,MILLF10,INTEGRATED ASSETS II LLC - USPB,USD,HOUSE,1296552794,-1630087167,722812124.4,389277751,204590611.5
6/11/2018,MILLF11,INTEGRATED ASSETS LTD - USPB,USD,HOUSE,273702643.6,-294056474.8,71771760.35,51417929.09,24709183.06
6/11/2018,MILVF03,ICS OPPORTUNITIES LIMITED - USPB,USD,HOUSE,332068642.6,-486218977.8,290608662.4,136458327.2,62821488.55
6/11/2018,MILVF04,INTEGRATED CORE STRATEGIES (US) LLC - USPB,USD,HOUSE,2922491629,-2622536028,336011314.6,635966915.5,326442227.7
6/11/2018,MILLENL01,MILLENNIUM FIXED INCOME LIMITED - USPB,USD,HOUSE,0,0,,0,0
