Account,AccountName,RollupCcy,PriceCcy,LMV,SMV,NetCash,Equity,ExcessDeficit
MRL04528,Integrated Assets Ltd,USD,CAD,14659742.04,0,-532961.45,14126780.59,0
MRL04528,Integrated Assets Ltd,USD,GBP,0,0,0.28,0.28,0
MRL04528,Integrated Assets Ltd,USD,MXN,0,0,-493193.68,-493193.68,0
MRL04528,Integrated Assets Ltd,USD,USD,504627477.4,-538140813.9,59519773.23,26006436.78,0
MRL04528,Integrated Assets Ltd,USD,Rollup,515917228.7,-538140813.9,59085382.88,36861797.71,-40588933.95
,,,,1035204448,-1076281628,117579001.3,76501821.68,-40588933.95
