Account,AccountName,RollupCcy,PriceCcy,LMV,SMV,NetCash,Equity,ExcessDeficit
MRL00081,Integrated Core Strategies US,USD,CAD,0,-19029205.84,-872241.06,-19901446.9,0
MRL00081,Integrated Core Strategies US,USD,EUR,0,0,15626907.63,15626907.63,0
MRL00081,Integrated Core Strategies US,USD,GBP,0,0,-181.6,-181.6,0
MRL00081,Integrated Core Strategies US,USD,MXN,0,-4044.9,-9467091.38,-9471136.28,0
MRL00081,Integrated Core Strategies US,USD,USD,2824981888,-2878760639,1027171431,973392679.5,0
MRL00081,Integrated Core Strategies US,USD,Rollup,2824981888,-2893415596,1044454536,976020828.2,565548377.1
,,,,5649963776,-5791209486,2076913360,1935667651,565548377.1
