Record Date,Broker,Legal Entity,Market Value (Long),Market Value (Short),Cash Balance,Margin Equity,House Excess
20180612,Barclays,Integrated Core Strategies (Asia) Pte Limited. - Regulatory,0,0,0,0,3497965
20180612,Barclays,Millennium Fixed Income Limited - Regulatory,0,0,0,0,-6210931
20180612,Barclays,Integrated Core Strategies (Europe) Sarl - Regulatory,0,0,0,0,-2660539
20180612,Barclays,Millennium Partners LP - Regulatory,0,0,0,0,5056795
20180612,Barclays,Integrated Core Strategies US,1559584772,-1264748086,292145290,572251291,45462007
20180612,Barclays,Integrated Assets LTD,884912604.2,-798158764.7,151415926,91778021,3964358
20180612,Barclays,Integrated Assets II LLC,2075504601,-1580317781,793422731,470165526,5841644
20180612,Barclays,ICS Opportunities LTD,345738631.3,-536889427.7,482392002,127789550,-5646609
20180612,CitiChecking,Millennium Fixed Income LTD,0,0,0,0,213514186.1
20180612,CitiChecking,Integrated Core Strategies US,0,0,0,0,251701427
20180612,CitiChecking,Millennium Partners LP,0,0,0,0,58.77
20180612,CitiChecking,IHG Core Holdings LTD,0,0,0,0,128343972.1
20180612,CitiChecking-Interest,Integrated Core Strategies US,0,0,0,0,750484551.3
20180612,CitiChecking-Interest,Millennium Fixed Income LTD,0,0,0,0,1373638196
20180612,CitiChecking-Interest,IHG Core Holdings LTD,0,0,0,0,127602816.4
20180611,CitiPbCash,Millennium Fixed Income LTD,0,0,0,0,99273301.29
20180612,Citi,Riverview Group LLC,0,0,6092478.72,6092478.72,6093469.69
20180612,Citi,Integrated Assets II LLC,1296552794,-1630087167,722812124.4,389277751,204590611.5
20180612,Citi,Integrated Assets LTD,273702643.6,-294056474.8,71771760.35,51417929.09,24709183.06
20180612,Citi,ICS Opportunities LTD,332068642.6,-486218977.8,290608662.4,136458327.2,63076252.8
20180612,Citi,Integrated Core Strategies US,2922491629,-2622536028,336011314.6,635966915.5,326442227.7
20180612,CreditSuisse,Integrated Core Strategies Asia,0,0,0,0,-12773023.25
20180612,CreditSuisse,Integrated Core Strategies Europe,0,0,0,0,1719678.91
20180612,CreditSuisse,Integrated Core Strategies US,3640483703,-3532042283,188183403.2,301955770.6,35571505.82
20180612,CreditSuisse,Integrated Assets LTD,398335919.9,-373227734.3,13083185.32,32502884.94,20981311.24
20180612,CreditSuisse,Integrated Assets II LLC,2511625168,-2800937907,478328887,184016147.4,46136434.7
20180612,CreditSuisse,ICS Opportunities LTD,951691396,-1309690704,460163004.5,97163696.12,-97871570.5
20180612,CreditSuisse,Millennium Partners LP,0,0,0,0,194848194.3
20180612,CreditSuisse,MFI Rollup,0,0,0,0,71037672.18
20180612,DeutscheBank,Integrated Core Strategies Asia,1156631769,-284407308,75449913,949455162,-13682862
20180612,DeutscheBank,Rollup,9407831230,-7494134539,-270423126,1714202548,4313963
20180612,GoldmanSachs,Riverview Group LLC,12487591,-17914010,15040697,15360904,4671885
20180612,GoldmanSachs,ICS Opportunities LTD,255930817,-531298548,676037384,111191980,19576546
20180612,GoldmanSachs,Cognizant Holdings LTD,649314568,-662194109,1143879844,170856052,11554422
20180612,GoldmanSachs,IHG PARTNERS,0,0,-52929145,52066155,16768973
20180612,GoldmanSachs,IHG PARTNERS,0,0,239481,0,0
20180612,GoldmanSachs,Integrated Assets LTD,394571858,-405714402,710568261,89718000,12973409
20180612,GoldmanSachs,Integrated Core Strategies US,2432052014,-3076853103,4889678646,620869971,43157394
20180612,GoldmanSachs,Integrated Assets II LLC,1885745768,-1761658254,3235984964,411419058,33040329
20180612,JpMorgan,Integrated Core Strategies Asia FXPB,0,0,0,20500941.66,18873078.58
20180612,JpMorgan,Integrated Core Strategies Asia Equities,0,0,0,262501821.6,18317206.35
20180612,JpMorgan,Integrated Core Strategies Europe,0,0,479246919.5,479643144.5,-2064887.43
20180612,JpMorgan,Rollup,9223751831,-9480289684,1294152512,1037614660,-11011537.24
20180612,MorganStanley,Integrated Core Strategies Asia,0,0,23860158.59,534534217.2,36990894.82
20180612,MorganStanley,Integrated Core Strategies Europe,0,0,316253782.7,397183213.8,-9184968.79
20180612,MorganStanley,Rollup,7544121628,-7162041907,597715265.3,2668074961,1264492454
20180612,Nomura,Integrated Core Strategies Asia,0,0,0,0,1651982.4
20180612,NovaScotia,Integrated Assets Europe,608854703,646788783,114436516,76502436,12730333
20180612,NovaScotia,Integrated Core Strategies Europe,166397031,311383965,197517864,52530930,-1473460
20180612,NovaScotia,Millennium Partners LP,0,0,0,0,300095874.1
20180612,Smbc,Millennium Partners LP,0,0,0,0,664692516.6
20180612,Smbc,Millennium Partners LP,0,0,0,0,600000000
20180612,Smbc,Millennium Partners LP,0,0,0,0,750000000
20180612,StateStreet,Integrated Core Strategies US,33104276.4,0,0,0,33104276.4
20180612,WellsFargo,Millennium Partners LP,0,0,0,0,0
