Account_Number,Account_Name,Product_Type_Desc,Long_Exposure,,Short_Exposure,Cash,Equity_Current,House_Excess_Current
INTECORE6,INTEGRATED CORE STRATEGIES (ASIA) PTE. LTD.,Equity,1068932541,,-565431052.5,23860158.59,534534217.2,36990894.82
INTECORE6,INTEGRATED CORE STRATEGIES (ASIA) PTE. LTD.,Equity / Index Future,0,,-37515978.55,23860158.59,534534217.2,36990894.82
INTECORE6,INTEGRATED CORE STRATEGIES (ASIA) PTE. LTD.,Swap Right,3179.79,,-3110.89,23860158.59,534534217.2,36990894.82
,,,1068935721,,-602950142,23860158.59,534534217.2,36990894.82
