"Account_Number","Account_Name","Equity_Current","Equity_Previous","Equity_DOD_Change","Equity_%_Change","House_Requirement_Current","House_Requirement_Previous","House_Requirement_DOD_Change","House_Requirement_%_Change","House_Excess_Current","House_Excess_Previous","House_Excess_DOD_Change","House_Excess_%_Change","Reg_Excess/Deficit_Current","Reg_Excess/Deficit_Previous","Reg_Excess/Deficit_DOD_Change","Reg_Excess/Deficit_%_Change","Potential Cash Available Current","Potential Cash Available Previous","Potential Cash Available DOD","Potential Cash Available % Change","Product_Type_Desc","Long_Exposure","Long_Exposure_DOD_Change","Short_Exposure","Short_Exposure_DOD_Change","Net Equity","Net Equity DOD Change","Requirement","Requirement_DOD_Change","Portfolio_Requirement_Adjustment","Portfolio_Requirement_Adjustment_DOD_Change","FX_Requirement","FX_Requirement_DOD_Change","FX_Forward P&L","FX_Forward P&L_DOD_Change","FX_Forward_Unrl_P&L","Cash","Cash_DOD_Change","Money_Market_Balance","Money_Market_Balance_DOD_Change","Accrued_Interest_Req","Accrued_Interest_Req_DOD","Accrued_Interest_Requirement","Accrued_Interest_Requirement_DOD","Margin_Balance_Current","Margin_Balance_Previous","Margin_Balance_DOD_Change","Margin_Balance_%_Change","Equity_%_Current","Equity_%_Previous","Equity_%_DOD_Change","Equity_%_Change","Leverage_Current","Leverage_Previous","Leverage_DOD_Change","Leverage_%_Change","Average_Req_Current","Average_Req_Previous","Average_Req_DOD_Change","Average_Req_%_Change","Gross Exposure","Exp_DOD_Change","Req_%","Equity Adjustment","Free Credit","As Of Date","Net Equity Category"
"038CDGXK1","ICS OPPORTUNITIES LTD.        C/O MILLENNIUM INTERNATIONAL",144023864.23,350093570.53,-206069706.29,-58.86,1050959560.99,905174291.82,145785269.17,16.11,-906935696.76,-555080721.30,-351854975.46,63.39,-201492290.52,42326135.84,-243818426.36,-576.05,-906935696.76,-555080721.30,-351854975.46,63.39,"Convertible Preferred",187219.45,76783.61,0.00,0.00,187219.45,76783.61,187219.45,76783.61,0.00,0.00,0.00,0.00,0.00,0.00,0.00,-83556877.26,-369090693.17,0.00,0.00,0.00,0.00,0.00,0.00,-740809086.28,-376160866.63,-364648219.65,96.94,9.87,26.59,-16.73,-62.90,10.13,3.76,6.37,169.53,72.00,68.76,3.24,4.71,187219.45,76783.61,100.00,0.00,0.00,2018-06-11,Net MV
"038CDGXK1","ICS OPPORTUNITIES LTD.        C/O MILLENNIUM INTERNATIONAL",144023864.23,350093570.53,-206069706.29,-58.86,1050959560.99,905174291.82,145785269.17,16.11,-906935696.76,-555080721.30,-351854975.46,63.39,-201492290.52,42326135.84,-243818426.36,-576.05,-906935696.76,-555080721.30,-351854975.46,63.39,"Equity",460580157.82,158468438.50,-657251693.22,4442451.72,-196671535.40,162910890.22,1046530678.31,145708265.15,0.00,0.00,0.00,0.00,0.00,0.00,0.00,-83556877.26,-369090693.17,0.00,0.00,0.00,0.00,0.00,0.00,-740809086.28,-376160866.63,-364648219.65,96.94,9.87,26.59,-16.73,-62.90,10.13,3.76,6.37,169.53,72.00,68.76,3.24,4.71,1117831851.04,154025986.78,93.62,0.00,0.00,2018-06-11,Net MV
"038CDGXK1","ICS OPPORTUNITIES LTD.        C/O MILLENNIUM INTERNATIONAL",144023864.23,350093570.53,-206069706.29,-58.86,1050959560.99,905174291.82,145785269.17,16.11,-906935696.76,-555080721.30,-351854975.46,63.39,-201492290.52,42326135.84,-243818426.36,-576.05,-906935696.76,-555080721.30,-351854975.46,63.39,"Right",0.00,0.00,0.00,0.00,0.00,0.00,0.00,0.00,0.00,0.00,0.00,0.00,0.00,0.00,0.00,-83556877.26,-369090693.17,0.00,0.00,0.00,0.00,0.00,0.00,-740809086.28,-376160866.63,-364648219.65,96.94,9.87,26.59,-16.73,-62.90,10.13,3.76,6.37,169.53,72.00,68.76,3.24,4.71,0.00,0.00,0.00,0.00,0.00,2018-06-11,Net MV
"038CDGXK1","ICS OPPORTUNITIES LTD.        C/O MILLENNIUM INTERNATIONAL",144023864.23,350093570.53,-206069706.29,-58.86,1050959560.99,905174291.82,145785269.17,16.11,-906935696.76,-555080721.30,-351854975.46,63.39,-201492290.52,42326135.84,-243818426.36,-576.05,-906935696.76,-555080721.30,-351854975.46,63.39,"US Treasury & Agency",424065573.25,33291.25,0.00,0.00,424065573.25,33291.25,4240655.73,332.91,0.00,0.00,0.00,0.00,0.00,0.00,0.00,-83556877.26,-369090693.17,0.00,0.00,0.00,0.00,0.00,0.00,-740809086.28,-376160866.63,-364648219.65,96.94,9.87,26.59,-16.73,-62.90,10.13,3.76,6.37,169.53,72.00,68.76,3.24,4.71,424065573.25,33291.25,1.00,0.00,0.00,2018-06-11,Net MV
"038CDGXK1","ICS OPPORTUNITIES LTD.        C/O MILLENNIUM INTERNATIONAL",144023864.23,350093570.53,-206069706.29,-58.86,1050959560.99,905174291.82,145785269.17,16.11,-906935696.76,-555080721.30,-351854975.46,63.39,-201492290.52,42326135.84,-243818426.36,-576.05,-906935696.76,-555080721.30,-351854975.46,63.39,"Warrant/Right",0.00,0.00,-515.80,21.80,-515.80,21.80,1007.50,-112.50,0.00,0.00,0.00,0.00,0.00,0.00,0.00,-83556877.26,-369090693.17,0.00,0.00,0.00,0.00,0.00,0.00,-740809086.28,-376160866.63,-364648219.65,96.94,9.87,26.59,-16.73,-62.90,10.13,3.76,6.37,169.53,72.00,68.76,3.24,4.71,515.80,-21.80,195.33,0.00,0.00,2018-06-11,Net MV
