Account_Number,Account_Name,Product_Type_Desc,Long_Exposure,,Short_Exposure,Cash,Equity_Current,House_Excess_Current
MILLCORE4,INTEGRATED CORE STRATEGIES (EUROPE) SARL,Equity,0,,0,316253782.7,397183213.8,-9184968.79
MILLCORE4,INTEGRATED CORE STRATEGIES (EUROPE) SARL,Non-US Sovereign Bond,104491.87,,0,316253782.7,397183213.8,-9184968.79
MILLCORE4,INTEGRATED CORE STRATEGIES (EUROPE) SARL,Swap Fund,3410500.45,,-1377871.44,316253782.7,397183213.8,-9184968.79
MILLCORE4,INTEGRATED CORE STRATEGIES (EUROPE) SARL,Swap Right,34655.25,,-34526.25,316253782.7,397183213.8,-9184968.79
,,,3549647.57,,-1412397.69,316253782.7,397183213.8,-9184968.79
