"Account_Number","Account_Name","Equity_Current","Equity_Previous","Equity_DOD_Change","Equity_%_Change","House_Requirement_Current","House_Requirement_Previous","House_Requirement_DOD_Change","House_Requirement_%_Change","House_Excess_Current","House_Excess_Previous","House_Excess_DOD_Change","House_Excess_%_Change","Reg_Excess/Deficit_Current","Reg_Excess/Deficit_Previous","Reg_Excess/Deficit_DOD_Change","Reg_Excess/Deficit_%_Change","Potential Cash Available Current","Potential Cash Available Previous","Potential Cash Available DOD","Potential Cash Available % Change","Product_Type_Desc","Long_Exposure","Long_Exposure_DOD_Change","Short_Exposure","Short_Exposure_DOD_Change","Net Equity","Net Equity DOD Change","Requirement","Requirement_DOD_Change","Portfolio_Requirement_Adjustment","Portfolio_Requirement_Adjustment_DOD_Change","FX_Requirement","FX_Requirement_DOD_Change","FX_Forward P&L","FX_Forward P&L_DOD_Change","FX_Forward_Unrl_P&L","Cash","Cash_DOD_Change","Money_Market_Balance","Money_Market_Balance_DOD_Change","Accrued_Interest_Req","Accrued_Interest_Req_DOD","Accrued_Interest_Requirement","Accrued_Interest_Requirement_DOD","Margin_Balance_Current","Margin_Balance_Previous","Margin_Balance_DOD_Change","Margin_Balance_%_Change","Equity_%_Current","Equity_%_Previous","Equity_%_DOD_Change","Equity_%_Change","Leverage_Current","Leverage_Previous","Leverage_DOD_Change","Leverage_%_Change","Average_Req_Current","Average_Req_Previous","Average_Req_DOD_Change","Average_Req_%_Change","Gross Exposure","Exp_DOD_Change","Req_%","Equity Adjustment","Free Credit","As Of Date","Net Equity Category"
"H38C46310","INTEGRATED ASSETS, LTD        C/O MILLENNIUM INTERNATIONAL",145472484.62,146127936.69,-655452.07,-0.45,188768362.35,185392310.37,3376051.98,1.82,-43295877.73,-39264373.68,-4031504.05,10.27,-4627032.25,7223907.58,-11850939.84,-164.05,-43295877.73,-39264373.68,-4031504.05,10.27,"Convertible Preferred",769633.43,6294.51,0.00,0.00,769633.43,6294.51,769633.43,6294.51,9614828.72,-1283834.89,5628837.25,197901.74,0.00,0.00,0.00,11880756.11,1210112.48,0.00,0.00,0.00,0.00,0.00,0.00,-852163040.06,-832902595.43,-19260444.62,2.31,8.72,8.91,-0.19,-2.16,11.47,11.22,0.25,2.20,11.32,11.31,0.01,0.07,769633.43,6294.51,100.00,0.00,0.00,2018-06-11,Net MV
"H38C46310","INTEGRATED ASSETS, LTD        C/O MILLENNIUM INTERNATIONAL",145472484.62,146127936.69,-655452.07,-0.45,188768362.35,185392310.37,3376051.98,1.82,-43295877.73,-39264373.68,-4031504.05,10.27,-4627032.25,7223907.58,-11850939.84,-164.05,-43295877.73,-39264373.68,-4031504.05,10.27,"Equity",817452020.50,18590884.29,-864043796.17,-20470557.10,-46591775.67,-1879672.81,171010924.25,4455612.48,9614828.72,-1283834.89,5628837.25,197901.74,0.00,0.00,0.00,11880756.11,1210112.48,0.00,0.00,0.00,0.00,0.00,0.00,-852163040.06,-832902595.43,-19260444.62,2.31,8.72,8.91,-0.19,-2.16,11.47,11.22,0.25,2.20,11.32,11.31,0.01,0.07,1681495816.66,39061441.40,10.17,0.00,0.00,2018-06-11,Net MV
"H38C46310","INTEGRATED ASSETS, LTD        C/O MILLENNIUM INTERNATIONAL",145472484.62,146127936.69,-655452.07,-0.45,188768362.35,185392310.37,3376051.98,1.82,-43295877.73,-39264373.68,-4031504.05,10.27,-4627032.25,7223907.58,-11850939.84,-164.05,-43295877.73,-39264373.68,-4031504.05,10.27,"Cash/Money",5000000.00,0.00,0.00,0.00,5000000.00,0.00,0.00,0.00,9614828.72,-1283834.89,5628837.25,197901.74,0.00,0.00,0.00,11880756.11,1210112.48,0.00,0.00,0.00,0.00,0.00,0.00,-852163040.06,-832902595.43,-19260444.62,2.31,8.72,8.91,-0.19,-2.16,11.47,11.22,0.25,2.20,11.32,11.31,0.01,0.07,5000000.00,0.00,0.00,0.00,0.00,2018-06-11,Net MV
"H38C46310","INTEGRATED ASSETS, LTD        C/O MILLENNIUM INTERNATIONAL",145472484.62,146127936.69,-655452.07,-0.45,188768362.35,185392310.37,3376051.98,1.82,-43295877.73,-39264373.68,-4031504.05,10.27,-4627032.25,7223907.58,-11850939.84,-164.05,-43295877.73,-39264373.68,-4031504.05,10.27,"US Treasury & Agency",174413870.75,7813.75,0.00,0.00,174413870.75,7813.75,1744138.71,78.14,9614828.72,-1283834.89,5628837.25,197901.74,0.00,0.00,0.00,11880756.11,1210112.48,0.00,0.00,0.00,0.00,0.00,0.00,-852163040.06,-832902595.43,-19260444.62,2.31,8.72,8.91,-0.19,-2.16,11.47,11.22,0.25,2.20,11.32,11.31,0.01,0.07,174413870.75,7813.75,1.00,0.00,0.00,2018-06-11,Net MV
