"Account_Number","Account_Name","Equity_Current","Equity_Previous","Equity_DOD_Change","Equity_%_Change","House_Requirement_Current","House_Requirement_Previous","House_Requirement_DOD_Change","House_Requirement_%_Change","House_Excess_Current","House_Excess_Previous","House_Excess_DOD_Change","House_Excess_%_Change","Reg_Excess/Deficit_Current","Reg_Excess/Deficit_Previous","Reg_Excess/Deficit_DOD_Change","Reg_Excess/Deficit_%_Change","Potential Cash Available Current","Potential Cash Available Previous","Potential Cash Available DOD","Potential Cash Available % Change","Product_Type_Desc","Long_Exposure","Long_Exposure_DOD_Change","Short_Exposure","Short_Exposure_DOD_Change","Net Equity","Net Equity DOD Change","Requirement","Requirement_DOD_Change","Portfolio_Requirement_Adjustment","Portfolio_Requirement_Adjustment_DOD_Change","FX_Requirement","FX_Requirement_DOD_Change","FX_Forward P&L","FX_Forward P&L_DOD_Change","FX_Forward_Unrl_P&L","Cash","Cash_DOD_Change","Money_Market_Balance","Money_Market_Balance_DOD_Change","Accrued_Interest_Req","Accrued_Interest_Req_DOD","Accrued_Interest_Requirement","Accrued_Interest_Requirement_DOD","Margin_Balance_Current","Margin_Balance_Previous","Margin_Balance_DOD_Change","Margin_Balance_%_Change","Equity_%_Current","Equity_%_Previous","Equity_%_DOD_Change","Equity_%_Change","Leverage_Current","Leverage_Previous","Leverage_DOD_Change","Leverage_%_Change","Average_Req_Current","Average_Req_Previous","Average_Req_DOD_Change","Average_Req_%_Change","Gross Exposure","Exp_DOD_Change","Req_%","Equity Adjustment","Free Credit","As Of Date","Net Equity Category"
"038C001Y5","INTEGRATED CORE STRATEGIES    (US) LLC",1775758302.72,1420297444.59,355460858.13,25.03,6005084426.52,5889798911.05,115285515.47,1.96,-4229326123.80,-4469501466.46,240175342.66,-5.37,103408455.03,-218803081.51,322211536.53,-147.26,-4229326123.80,-4469501466.46,240175342.66,-5.37,"Convertible Preferred",5329955.97,-45792.73,0.00,0.00,5329955.97,-45792.73,5329955.97,-45792.73,0.00,0.00,0.00,0.00,0.00,0.00,0.00,145628879.66,428736420.43,0.00,0.00,0.00,0.00,0.00,0.00,-2126931095.23,-2488748162.29,361817067.06,-14.54,29.50,24.08,5.42,22.53,3.39,4.15,-0.76,-18.39,99.78,99.86,-0.08,-0.08,5329955.97,-45792.73,100.00,0.00,0.00,2018-06-11,Net MV
"038C001Y5","INTEGRATED CORE STRATEGIES    (US) LLC",1775758302.72,1420297444.59,355460858.13,25.03,6005084426.52,5889798911.05,115285515.47,1.96,-4229326123.80,-4469501466.46,240175342.66,-5.37,103408455.03,-218803081.51,322211536.53,-147.26,-4229326123.80,-4469501466.46,240175342.66,-5.37,"Equity",3896015472.08,-6204439.72,-2272559974.89,-66919353.37,1623455497.19,-73123793.09,5998410500.65,115437284.68,0.00,0.00,0.00,0.00,0.00,0.00,0.00,145628879.66,428736420.43,0.00,0.00,0.00,0.00,0.00,0.00,-2126931095.23,-2488748162.29,361817067.06,-14.54,29.50,24.08,5.42,22.53,3.39,4.15,-0.76,-18.39,99.78,99.86,-0.08,-0.08,6168575446.97,60714913.65,97.24,0.00,0.00,2018-06-11,Net MV
"038C001Y5","INTEGRATED CORE STRATEGIES    (US) LLC",1775758302.72,1420297444.59,355460858.13,25.03,6005084426.52,5889798911.05,115285515.47,1.96,-4229326123.80,-4469501466.46,240175342.66,-5.37,103408455.03,-218803081.51,322211536.53,-147.26,-4229326123.80,-4469501466.46,240175342.66,-5.37,"Fund/Unit",1084590.00,-92700.00,0.00,0.00,1084590.00,-92700.00,1084590.00,-92700.00,0.00,0.00,0.00,0.00,0.00,0.00,0.00,145628879.66,428736420.43,0.00,0.00,0.00,0.00,0.00,0.00,-2126931095.23,-2488748162.29,361817067.06,-14.54,29.50,24.08,5.42,22.53,3.39,4.15,-0.76,-18.39,99.78,99.86,-0.08,-0.08,1084590.00,-92700.00,100.00,0.00,0.00,2018-06-11,Net MV
"038C001Y5","INTEGRATED CORE STRATEGIES    (US) LLC",1775758302.72,1420297444.59,355460858.13,25.03,6005084426.52,5889798911.05,115285515.47,1.96,-4229326123.80,-4469501466.46,240175342.66,-5.37,103408455.03,-218803081.51,322211536.53,-147.26,-4229326123.80,-4469501466.46,240175342.66,-5.37,"Right",195843.90,-16307.20,0.00,0.00,195843.90,-16307.20,195843.90,-16307.20,0.00,0.00,0.00,0.00,0.00,0.00,0.00,145628879.66,428736420.43,0.00,0.00,0.00,0.00,0.00,0.00,-2126931095.23,-2488748162.29,361817067.06,-14.54,29.50,24.08,5.42,22.53,3.39,4.15,-0.76,-18.39,99.78,99.86,-0.08,-0.08,195843.90,-16307.20,100.00,0.00,0.00,2018-06-11,Net MV
"038C001Y5","INTEGRATED CORE STRATEGIES    (US) LLC",1775758302.72,1420297444.59,355460858.13,25.03,6005084426.52,5889798911.05,115285515.47,1.96,-4229326123.80,-4469501466.46,240175342.66,-5.37,103408455.03,-218803081.51,322211536.53,-147.26,-4229326123.80,-4469501466.46,240175342.66,-5.37,"Warrant/Right",63536.00,3030.72,0.00,0.00,63536.00,3030.72,63536.00,3030.72,0.00,0.00,0.00,0.00,0.00,0.00,0.00,145628879.66,428736420.43,0.00,0.00,0.00,0.00,0.00,0.00,-2126931095.23,-2488748162.29,361817067.06,-14.54,29.50,24.08,5.42,22.53,3.39,4.15,-0.76,-18.39,99.78,99.86,-0.08,-0.08,63536.00,3030.72,100.00,0.00,0.00,2018-06-11,Net MV
