Account,AccountName,RollupCcy,PriceCcy,FXRate,LMV,SMV,NetMV,PBCash,NetOrigSwapNotional,SwapCash,NetCash,Equity,PositionMargin,MarginAdj1,MarginAdj2,MarginAdj3,MarginAdj4,MarginAdj5,TotalMargin,ExcessDeficit,OTCMTM,RepoMV,RepoCash,ETDMV,MarginAdj6,MarginAdj7,MarginAdj8,MarginAdj9,MarginAdj10,ETD Cash,ETD COLLATERAL
MRL00081,Integrated Core Strategies US,USD,CAD,0.757633154,0,-28279223.1,-28279223.1,-872241.06,0,0,-872241.06,-29151464.16,0,,0,0,0,0,0,0,0,0,0,0,0,0,0,0,0,0,0
MRL00081,Integrated Core Strategies US,USD,EUR,1.1622,0,0,0,15915172.86,0,0,15915172.86,15915172.86,0,,0,0,0,0,0,0,0,0,0,0,0,0,0,0,0,0,0
MRL00081,Integrated Core Strategies US,USD,GBP,1.3248,0,0,0,-181.6,0,0,-181.6,-181.6,0,,0,0,0,0,0,0,0,0,0,0,0,0,0,0,0,0,0
MRL00081,Integrated Core Strategies US,USD,MXN,0.048749336,0,-3998.34,-3998.34,-9467091.38,0,0,-9467091.38,-9471089.72,0,,0,0,0,0,0,0,0,0,0,0,0,0,0,0,0,0,0
MRL00081,Integrated Core Strategies US,USD,USD,1,2854705953,-2984403159,-129697205.1,958376246.2,19129914.75,-8461748.76,969044412.2,839347207.1,0,,0,0,0,0,0,0,0,0,0,0,0,0,0,0,0,0,0
MRL00081,Integrated Core Strategies US,USD,Rollup,1,2854705953,-3005828630,-151122677.1,975750266.4,19129914.75,-8461748.76,986418432.4,835295755.3,397168716.7,,9538603.905,0,0,0,407843958,427451797.3,0,0,0,0,0,0,0,1136637.469,0,0,0
